strain	gene	contig	perc_ID	perc_query_length	start	stop
NK_H19_017	IS10R_IS4_IS10	NODE_1_length_805942_cov_26.799062	100	100	31472	30144
KPN2254	ISKpn60_IS110_unknown	3	99.93	100	383967	382594
KSB1_9A	ISSen4_IS3_IS407	chromosome	99.92	100	1150870	1152090
G18255516	ISKpn60_IS110_unknown	5	99.85	100	369196	367823
NK_H17_001	ISKpn54_IS3_IS407	NODE_16_length_74743_cov_19.937735	99.75	100	71664	72874
KSB1_8D	ISKpn26_IS5_IS5	chromosome	99.67	100	1145622	1144427
ERR3844698	IS5_IS5_IS5	5	99.5	100	313963	315157
ERR3844700	IS5_IS5_IS5	5	99.41	100	15223	14029
NK_H17_033	ISKpn54_IS3_IS407	NODE_17_length_134789_cov_11.146723	99.26	100	43691	42482
ERR3967882	ISKpn54_IS3_IS407	11	99.26	100	43254	42045
ERR3931848	ISKpn54_IS3_IS407	10	99.26	100	43237	42028
NK_H4_013	ISKpn54_IS3_IS407	NODE_11_length_134591_cov_34.589913	99.26	100	43645	42436
2021.TE.73017.1.6	ISKpn54_IS3_IS407	4	99.26	100	43254	42045
ERR3469813	ISKpn54_IS3_IS407	2	99.17	100	722380	723590
KV_25	ISKpn54_IS3_IS407	27	99.11	83.89760528	61701	62715
KP_NORM_BLD_114478	ISKpn54_IS3_IS407	NODE_6_length_215730_cov_5.459910	99.11	83.89760528	214589	215603
KP_NORM_URN_107525	ISKpn54_IS3_IS407	4	99.11	83.89760528	1015	1
NK_H22_062	ISKpn54_IS3_IS407	NODE_3_length_407240_cov_25.134383	99.11	83.89760528	406099	407113
NK_H14_006	ISKpn54_IS3_IS407	NODE_1_length_355358_cov_19.657834	99.11	83.89760528	354217	355231
KV_38	ISKpn54_IS3_IS407	4	99.09	100	404411	405621
NK_H21_021	ISKpn54_IS3_IS407	NODE_7_length_256122_cov_26.141186	99.09	100	34212	33002
ERR3480254	ISKpn54_IS3_IS407	3	99.09	100	702222	703428
KP_NORM_BLD_113875	ISKpn54_IS3_IS407	NODE_9_length_255919_cov_15.907507	99.09	100	34138	32928
ERR3449514	ISKpn54_IS3_IS407	18	99.09	81.83319571	990	2
ERR3449513	ISKpn54_IS3_IS407	18	99.09	81.83319571	990	2
SB5566	ISKpn54_IS3_IS407	3	99.09	100	417539	418748
NK_H22_092	ISKpn54_IS3_IS407	NODE_12_length_153790_cov_8.352388	99.09	100	34244	33034
SB5373	ISKpn54_IS3_IS407	1	99.09	100	716203	717413
ERR4022908	ISKpn54_IS3_IS407	3	99.09	100	405634	406844
KV_54	ISKpn54_IS3_IS407	34	99.09	100	22926	24136
KP_NORM_URN_108020	ISKpn54_IS3_IS407	2	99.09	100	34010	32800
NK_H14_017	ISKpn54_IS3_IS407	NODE_14_length_110742_cov_21.531185	99.09	100	88528	89738
KV_49	ISKpn54_IS3_IS407	2	99.09	100	33995	32785
ERR3480335	ISKpn54_IS3_IS407	3	99.09	100	43109	41899
ERR4022973	IS5_IS5_IS5	5	99.08	100	313854	315048
ERR486365	IS5_IS5_IS5	16	99.08	100	11720	10526
KGVET-2020-01-2662-2	ISKpn54_IS3_IS407	3	99.01	100	33929	32719
SB5444	ISKpn54_IS3_IS407	2	99.01	100	690185	691395
RK-BB840-I	ISKpn54_IS3_IS407	3	98.93	100	393325	394535
RU-BB284-I	ISKpn54_IS3_IS407	8	98.93	100	313729	314939
RK-BB50-I	ISKpn54_IS3_IS407	10	98.93	100	33938	32728
SB5414	ISKpn54_IS3_IS407	6	98.84	100	40486	39277
ERR4635432	ISKpn54_IS3_IS407	3	98.84	100	40452	39243
G20251770	ISKpn54_IS3_IS407	3	98.84	100	8389	7179
NK_H4_015	ISKpn54_IS3_IS407	NODE_3_length_457428_cov_27.658343	98.84	100	423355	424565
C0302	ISKpn54_IS3_IS407	17	98.84	100	40446	39237
SB5536	ISKpn54_IS3_IS407	16	98.84	100	83544	84753
KPN2025	ISKpn54_IS3_IS407	6	98.84	100	395283	396493
ERR4023120	ISKpn54_IS3_IS407	3	98.76	100	426839	425630
ERR3469868	ISKpn54_IS3_IS407	4	98.76	100	406395	407605
ERR3469867	ISKpn54_IS3_IS407	4	98.76	100	34013	32803
KP_NORM_BLD_2015_115372	ISKpn54_IS3_IS407	NODE_1_length_407517_cov_10.485530	98.68	100	372290	373500
NK_H15_017	ISKpn54_IS3_IS407	NODE_1_length_425206_cov_20.233957	98.68	100	52657	51447
ERR4635349	ISKpn54_IS3_IS407	6	98.51	100	27141	28350
NK_H1_018	ISKpn54_IS3_IS407	NODE_20_length_70718_cov_10.116842	98.51	100	43423	42214
NK_H21_028	ISKpn54_IS3_IS407	NODE_20_length_100158_cov_19.285771	98.51	100	72779	71570
NK_H15_063A	ISKpn54_IS3_IS407	NODE_4_length_382753_cov_23.243287	98.51	100	27299	28508
ERR3967806	ISKpn54_IS3_IS407	4	98.51	100	27140	28349
SAMN07525401	ISKpn54_IS3_IS407	13	98.51	100	162227	161018
KSB2_9C	ISKpn54_IS3_IS407	2	98.51	100	27141	28350
KPN1936	ISKpn54_IS3_IS407	2	98.51	100	27141	28350
3501	ISEcl1_IS3_IS2	9	98.43	100	188454	187119
KPN2034	ISKpn54_IS3_IS407	4	98.43	100	27169	28378
KP_NORM_BLD_112596	ISKpn54_IS3_IS407	NODE_2_length_452456_cov_14.063918	98.43	100	27299	28508
NK_H22_076	ISEcl1_IS3_IS2	NODE_1_length_433362_cov_25.945697	98.43	100	37817	39152
KGMAR-2016-681	ISKpn54_IS3_IS407	NODE_3_length_397294_cov_27.655465	98.43	100	370174	368965
KPN1913	ISKpn54_IS3_IS407	4	98.43	100	410490	409281
KGMAR-2020-114	ISEcl1_IS3_IS2	NODE_4_length_351991_cov_39.197875	98.43	100	316389	315054
KPN1912	ISKpn54_IS3_IS407	4	98.43	100	410490	409281
NK_H12_041	ISKpn54_IS3_IS407	NODE_4_length_438557_cov_26.971902	98.43	100	411259	410050
Kp804	ISKpn54_IS3_IS407	2	98.43	100	27141	28350
INF082	ISEcl1_IS3_IS2	2	98.43	100	11857	13192
KPN2137	ISKpn54_IS3_IS407	3	98.43	100	27139	28348
KPN1848	ISKpn54_IS3_IS407	12	98.35	100	106009	104799
INF306	ISEc36_IS3_IS2	16	97.96	100	55195	56515
INF307	ISKpn54_IS3_IS407	3	97.72	101.4037985	404687	405914
ERR4635424	IS903B_IS5_IS903	3	97.35	100	394878	395934
ERR4635428	IS903B_IS5_IS903	3	97.35	100	394878	395934
ERR4661739	IS903B_IS5_IS903	3	97.35	100	31794	30738
KGVETS-2019-01-4118	ISEc14_IS3_IS51	6	97.34	94.64988198	417985	416783
2021.TE.133038.1.13	ISEc14_IS3_IS51	6	97.34	94.64988198	209312	208110
KSB1_6F	ISEc14_IS3_IS51	chromosome	97.34	94.64988198	1194819	1193617
ERR3844763	ISEc14_IS3_IS51	4	97.34	94.64988198	27259	28461
ERR4022843	ISEc14_IS3_IS51	4	97.34	94.64988198	31080	32282
ERR4374815	ISEc14_IS3_IS51	5	97.34	94.64988198	417985	416783
BMP918	ISEc14_IS3_IS51	11	97.34	94.64988198	108524	107322
NK_H1_051	ISEc14_IS3_IS51	NODE_28_length_72141_cov_18.596440	97.34	94.64988198	13380	14582
KPN1915	IS903B_IS5_IS903	29	97.26	100	34797	35853
ERR3449004	ISEc14_IS3_IS51	3	97.17	94.64988198	430810	429608
ERR3932082	ISEc14_IS3_IS51	3	97.17	94.64988198	430785	429583
ERR3449434	ISEc14_IS3_IS51	3	97.17	94.64988198	430810	429608
MVK-06F113	ISEc14_IS3_IS51	35	97.17	94.64988198	28891	27689
G20250454	ISEc14_IS3_IS51	3	97.17	94.64988198	430785	429583
G18000389	ISEc14_IS3_IS51	4	97.17	94.64988198	31080	32282
ERR3479959	ISEc14_IS3_IS51	3	97.17	94.64988198	430785	429583
NHE249	ISEc14_IS3_IS51	4	97.17	94.64988198	31080	32282
ERR3449368	ISEc14_IS3_IS51	9	97.17	94.64988198	31080	32282
KPEH412	ISEc14_IS3_IS51	3	97.17	94.64988198	31080	32282
NHP093	ISEc14_IS3_IS51	2	97.17	94.64988198	31080	32282
G20250089	ISEc14_IS3_IS51	3	97.17	94.64988198	430786	429584
NHP1053	ISEc14_IS3_IS51	3	97.17	94.64988198	430785	429583
G18000376	ISEc14_IS3_IS51	3	97.17	94.64988198	31080	32282
BMP920	ISEc14_IS3_IS51	3	97.17	94.64988198	31080	32282
KPEH229	ISEc14_IS3_IS51	4	97.17	94.64988198	430790	429588
KPEH168	ISEc14_IS3_IS51	11	97.17	94.64988198	31080	32282
NHP139	ISEc14_IS3_IS51	1	97.17	94.64988198	430785	429583
KPN539	ISEc14_IS3_IS51	2	97.17	94.64988198	430785	429583
NHP1463	ISEc14_IS3_IS51	4	97.17	94.64988198	31080	32282
G20250107	ISEc14_IS3_IS51	4	97.17	94.64988198	430786	429584
ERR3932148	ISEc14_IS3_IS51	12	97.17	94.64988198	145492	144290
ERR3449505	ISEc14_IS3_IS51	3	97.17	94.64988198	31080	32282
ERR4022986	ISEc14_IS3_IS51	3	97.17	94.64988198	430785	429583
G18584137	ISEc14_IS3_IS51	3	97.17	94.64988198	31080	32282
G20250524	ISEc14_IS3_IS51	4	97.17	94.64988198	430784	429582
ERR3449547	ISEc14_IS3_IS51	3	97.17	94.64988198	31080	32282
ERR4022901	ISEc14_IS3_IS51	3	97.17	94.64988198	430786	429584
ERR3449529	ISEc14_IS3_IS51	5	97.17	94.64988198	31080	32282
ERR3479955	ISEc14_IS3_IS51	3	97.17	94.64988198	430784	429582
G18000410	ISEc14_IS3_IS51	3	97.17	94.64988198	430785	429583
G18584136	ISEc14_IS3_IS51	4	97.17	94.64988198	430785	429583
ERR3932205	ISEc14_IS3_IS51	3	97.17	94.64988198	31080	32282
KPN048	ISEc14_IS3_IS51	3	97.17	94.64988198	12382	13584
KPN041_baker	ISEc14_IS3_IS51	2	97.17	94.64988198	31080	32282
ERR3932150	ISEc14_IS3_IS51	12	97.17	94.64988198	145492	144290
ERR3449310	ISEc14_IS3_IS51	2	97.17	94.64988198	31080	32282
KPN033_baker	ISEc14_IS3_IS51	3	97.17	94.64988198	31080	32282
ERR3932164	ISEc14_IS3_IS51	12	97.17	94.64988198	145552	144350
ERR3479957	ISEc14_IS3_IS51	3	97.17	94.64988198	430786	429584
G18584167	ISEc14_IS3_IS51	3	97.17	94.64988198	31080	32282
ERR3932162	ISEc14_IS3_IS51	3	97.17	94.64988198	430810	429608
ERR3449349	ISEc14_IS3_IS51	5	97.17	94.64988198	31080	32282
ERR3932152	ISEc14_IS3_IS51	12	97.17	94.64988198	145492	144290
KPN553	ISEc14_IS3_IS51	2	97.17	94.64988198	31080	32282
KPEH134	ISEc14_IS3_IS51	2	97.17	94.64988198	31080	32282
ERR3479972	ISEc14_IS3_IS51	2	97.17	94.64988198	430810	429608
G18584133	ISEc14_IS3_IS51	3	97.17	94.64988198	31080	32282
KPN490	ISEc14_IS3_IS51	1	97.17	94.64988198	430785	429583
NHP287	ISEc14_IS3_IS51	4	97.17	94.64988198	31080	32282
G18000202	ISEc14_IS3_IS51	4	97.17	94.64988198	430785	429583
ERR4023039	ISEc14_IS3_IS51	17	97.17	94.64988198	64641	63439
BMP446	ISEc14_IS3_IS51	3	97.17	94.64988198	430785	429583
NHP495	ISEc14_IS3_IS51	4	97.17	94.64988198	430785	429583
NHP746	ISEc14_IS3_IS51	4	97.17	94.64988198	31080	32282
NHP992	ISEc14_IS3_IS51	3	97.17	94.64988198	31080	32282
BMP1228	ISEc14_IS3_IS51	2	97.17	94.64988198	429116	427914
NHP994	ISEc14_IS3_IS51	2	97.17	94.64988198	31080	32282
KPN488	ISEc14_IS3_IS51	1	97.17	94.64988198	31080	32282
KP9-19	ISEc14_IS3_IS51	13	97.17	94.64988198	31080	32282
G18000165	ISEc14_IS3_IS51	3	97.17	94.64988198	430785	429583
NK-BB1455-I	ISEc14_IS3_IS51	36	97.17	94.64988198	14013	15215
ERR3449408	ISEc14_IS3_IS51	23	97.17	94.64988198	20183	18981
ERR4023051	ISEc14_IS3_IS51	3	97.17	94.64988198	430785	429583
ERS3554761	ISEc14_IS3_IS51	3	97.17	94.64988198	31080	32282
KPN438	ISEc14_IS3_IS51	3	97.17	94.64988198	442724	441522
KPN349	ISEc14_IS3_IS51	3	97.17	94.64988198	31080	32282
806469-17	ISEc14_IS3_IS51	3	97.17	94.64988198	430785	429583
NK_H1_042	ISEc14_IS3_IS51	NODE_18_length_117283_cov_5.541893	97.17	94.64988198	31437	32639
KPN500	ISEc14_IS3_IS51	21	97.17	94.64988198	64610	63408
KPN512	ISEc14_IS3_IS51	2	97.17	94.64988198	31080	32282
BMP450	ISEc14_IS3_IS51	3	97.17	94.64988198	430785	429583
G20250272	ISEc14_IS3_IS51	3	97.17	94.64988198	430785	429583
ERR3449431	ISEc14_IS3_IS51	21	97.17	94.64988198	31080	32282
NHP1467	ISEc14_IS3_IS51	4	97.17	94.64988198	31080	32282
NHP1469	ISEc14_IS3_IS51	4	97.17	94.64988198	430785	429583
BMP732	ISEc14_IS3_IS51	2	97.17	94.64988198	31080	32282
G20250114	ISEc14_IS3_IS51	3	97.17	94.64988198	430785	429583
NHP146	ISEc14_IS3_IS51	2	97.17	94.64988198	430785	429583
NHP1586	ISEc14_IS3_IS51	4	97.17	94.64988198	430785	429583
NHP1588	ISEc14_IS3_IS51	4	97.17	94.64988198	31080	32282
BMP690	ISEc14_IS3_IS51	2	97.17	94.64988198	430785	429583
KP69-19	ISEc14_IS3_IS51	13	97.17	94.64988198	139536	138334
G20250445	ISEc14_IS3_IS51	4	97.17	94.64988198	430785	429583
KP64-19	ISEc14_IS3_IS51	1	97.17	94.64988198	430786	429584
BMP689	ISEc14_IS3_IS51	2	97.17	94.64988198	430785	429583
ERR3932076	ISEc14_IS3_IS51	14	97.17	94.64988198	31080	32282
NHP1814	ISEc14_IS3_IS51	4	97.17	94.64988198	31080	32282
NHP1816	ISEc14_IS3_IS51	4	97.17	94.64988198	31080	32282
KP59-20	ISEc14_IS3_IS51	28	97.17	94.64988198	31080	32282
BMP597	ISEc14_IS3_IS51	4	97.17	94.64988198	430785	429583
KP56-20	ISEc14_IS3_IS51	5	97.17	94.64988198	31080	32282
ERR3440400	ISEc14_IS3_IS51	24	97.17	94.64988198	31080	32282
ERR3449549	ISEc14_IS3_IS51	4	97.17	94.64988198	430787	429585
KP_NORM_BLD_2015_112901	ISEc14_IS3_IS51	NODE_10_length_227047_cov_15.805575	97.17	94.64988198	195192	193990
KP_NORM_URN_2012_81428	ISEc14_IS3_IS51	12	97.17	94.64988198	144358	143156
G18001105	ISEc14_IS3_IS51	3	97.17	94.64988198	31080	32282
G18001038	ISEc14_IS3_IS51	4	97.17	94.64988198	430785	429583
ERR3469858	ISEc14_IS3_IS51	3	97.17	94.64988198	31106	32308
KP_NORM_BLD_2014_100998	ISEc14_IS3_IS51	NODE_6_length_462724_cov_30.481026	97.17	94.64988198	431487	430285
ERR3449048	ISEc14_IS3_IS51	3	97.17	94.64988198	31080	32282
KP_NORM_BLD_2014_100848	ISEc14_IS3_IS51	NODE_5_length_462724_cov_31.817316	97.17	94.64988198	431487	430285
KP_NORM_BLD_2013_92947	ISEc14_IS3_IS51	NODE_12_length_170639_cov_23.741109	97.17	94.64988198	139433	138231
G18503403	ISEc14_IS3_IS51	2	97.17	94.64988198	430785	429583
ERR3932298	ISEc14_IS3_IS51	3	97.17	94.64988198	31080	32282
ERR3469888	ISEc14_IS3_IS51	21	97.17	94.64988198	62987	61785
ERR3449111	ISEc14_IS3_IS51	2	97.17	94.64988198	430810	429608
KP_NORM_BLD_2013_91760	ISEc14_IS3_IS51	NODE_12_length_170728_cov_20.828905	97.17	94.64988198	31207	32409
ERR3469889	ISEc14_IS3_IS51	3	97.17	94.64988198	31080	32282
KP_NORM_URN_2013_96200	ISEc14_IS3_IS51	3	97.17	94.64988198	401631	400429
ERR3448947	ISEc14_IS3_IS51	23	97.17	94.64988198	20183	18981
KP_NORM_URN_2015_107539	ISEc14_IS3_IS51	3	97.17	94.64988198	430785	429583
KP_NORM_URN_2015_107575	ISEc14_IS3_IS51	12	97.17	94.64988198	140109	138907
ERR3449418	ISEc14_IS3_IS51	3	97.17	94.64988198	430809	429607
KP_NORM_URN_2015_109059	ISEc14_IS3_IS51	8	97.17	94.64988198	136550	135348
KP_NORM_URN_2015_109356	ISEc14_IS3_IS51	1	97.17	94.64988198	430785	429583
G18001135	ISEc14_IS3_IS51	3	97.17	94.64988198	31080	32282
ERR3904577	ISEc14_IS3_IS51	3	97.17	94.64988198	430785	429583
KP_NORM_BLD_2014_101655	ISEc14_IS3_IS51	NODE_9_length_170584_cov_12.113237	97.17	94.64988198	31207	32409
ERR3469842	ISEc14_IS3_IS51	3	97.17	94.64988198	352130	350928
KP_NORM_BLD_2015_112900	ISEc14_IS3_IS51	NODE_8_length_227193_cov_11.176182	97.17	94.64988198	195192	193990
KP_NORM_BLD_2015_115377	ISEc14_IS3_IS51	NODE_10_length_175008_cov_11.189832	97.17	94.64988198	31207	32409
ERR3449002	ISEc14_IS3_IS51	2	97.17	94.64988198	430786	429584
KP_NORM_BLD_2015_115730	ISEc14_IS3_IS51	NODE_5_length_462727_cov_13.747425	97.17	94.64988198	31238	32440
KP_NORM_BLD_2014_107242	ISEc14_IS3_IS51	NODE_22_length_95808_cov_165.803933	97.17	94.64988198	31135	32337
KP_NORM_BLD_2015_115990	ISEc14_IS3_IS51	NODE_7_length_170752_cov_20.631478	97.17	94.64988198	22163	23365
KP_NORM_BLD_2015_115991	ISEc14_IS3_IS51	NODE_4_length_462725_cov_29.242284	97.17	94.64988198	31239	32441
KP_NORM_BLD_2015_116357	ISEc14_IS3_IS51	NODE_2_length_462348_cov_13.703376	97.17	94.64988198	430912	429710
ERR3448998	ISEc14_IS3_IS51	3	97.17	94.64988198	430783	429581
KP_NORM_BLD_2015_117563	ISEc14_IS3_IS51	NODE_12_length_170701_cov_12.639488	97.17	94.64988198	31207	32409
ERR3967748	ISEc14_IS3_IS51	3	97.17	94.64988198	430810	429608
G18255103	ISEc14_IS3_IS51	1	97.17	94.64988198	430785	429583
ERR3448992	ISEc14_IS3_IS51	22	97.17	94.64988198	31080	32282
KP_NORM_BLD_2014_102435	ISEc14_IS3_IS51	NODE_5_length_463221_cov_21.775516	97.17	94.64988198	32002	33204
ERR3449037	ISEc14_IS3_IS51	3	97.17	94.64988198	430785	429583
KP_NORM_BLD_2014_101814	ISEc14_IS3_IS51	NODE_4_length_439074_cov_34.534604	97.17	94.64988198	407836	406634
ERR3448980	ISEc14_IS3_IS51	3	97.17	94.64988198	430810	429608
G18251890	ISEc14_IS3_IS51	2	97.17	94.64988198	31080	32282
ERR3932299	ISEc14_IS3_IS51	3	97.17	94.64988198	430785	429583
KP_NORM_URN_2015_109604	ISEc14_IS3_IS51	2	97.17	94.64988198	31080	32282
KP_NORM_URN_2015_109627	ISEc14_IS3_IS51	12	97.17	94.64988198	31080	32282
ERR3932281	ISEc14_IS3_IS51	3	97.17	94.64988198	31080	32282
ERR3449553	ISEc14_IS3_IS51	3	97.17	94.64988198	31080	32282
ERR3449581	ISEc14_IS3_IS51	3	97.17	94.64988198	31080	32282
G20250927	ISEc14_IS3_IS51	4	97.17	94.64988198	31080	32282
ERR3448869	ISEc14_IS3_IS51	3	97.17	94.64988198	430783	429581
ERR3932292	ISEc14_IS3_IS51	13	97.17	94.64988198	145491	144289
G18000628	ISEc14_IS3_IS51	8	97.17	94.64988198	194690	193488
ERR3932290	ISEc14_IS3_IS51	12	97.17	94.64988198	31080	32282
ERR3479951	ISEc14_IS3_IS51	3	97.17	94.64988198	430785	429583
KPN119	ISEc14_IS3_IS51	3	97.17	94.64988198	430790	429588
ERR3449554	ISEc14_IS3_IS51	3	97.17	94.64988198	31080	32282
ERR3479952	ISEc14_IS3_IS51	3	97.17	94.64988198	31080	32282
KP_NORM_URN_2015_109629	ISEc14_IS3_IS51	3	97.17	94.64988198	31080	32282
G18000451	ISEc14_IS3_IS51	4	97.17	94.64988198	31080	32282
ERR3844744	ISEc14_IS3_IS51	12	97.17	94.64988198	31080	32282
ERR3844727	ISEc14_IS3_IS51	3	97.17	94.64988198	351073	349871
ERR3449552	ISEc14_IS3_IS51	3	97.17	94.64988198	430810	429608
ERR3440418	ISEc14_IS3_IS51	3	97.17	94.64988198	31080	32282
ERR3449152	ISEc14_IS3_IS51	3	97.17	94.64988198	430786	429584
ERR3479953	ISEc14_IS3_IS51	3	97.17	94.64988198	430785	429583
ERR3479954	ISEc14_IS3_IS51	3	97.17	94.64988198	430785	429583
ERR3449154	ISEc14_IS3_IS51	3	97.17	94.64988198	430785	429583
ERR3448878	ISEc14_IS3_IS51	2	97.17	94.64988198	430810	429608
G18584030	ISEc14_IS3_IS51	3	97.17	94.64988198	31080	32282
ERR3479949	ISEc14_IS3_IS51	3	97.17	94.64988198	430784	429582
ERR3448879	ISEc14_IS3_IS51	2	97.17	94.64988198	430810	429608
ERR3904575	ISEc14_IS3_IS51	3	97.17	94.64988198	31080	32282
ERR3904587	ISEc14_IS3_IS51	3	97.17	94.64988198	430786	429584
KP_NORM_BLD_2012_84087	ISEc14_IS3_IS51	NODE_8_length_197625_cov_26.270864	97.17	94.64988198	62620	63822
ERR3904573	ISEc14_IS3_IS51	3	97.17	94.64988198	31080	32282
ERR3904662	ISEc14_IS3_IS51	3	97.17	94.64988198	31080	32282
ERR3904543	ISEc14_IS3_IS51	3	97.17	94.64988198	31080	32282
ERR3479933	ISEc14_IS3_IS51	3	97.17	94.64988198	31080	32282
ERR3479935	ISEc14_IS3_IS51	3	97.17	94.64988198	31080	32282
KSB1_10H	ISEc14_IS3_IS51	4	97.17	94.64988198	31080	32282
ERR3479939	ISEc14_IS3_IS51	3	97.17	94.64988198	430785	429583
G18000744	ISEc14_IS3_IS51	6	97.17	94.64988198	31080	32282
ERR3448893	ISEc14_IS3_IS51	22	97.17	94.64988198	20183	18981
ERR3449137	ISEc14_IS3_IS51	2	97.17	94.64988198	31080	32282
ERR3904692	ISEc14_IS3_IS51	3	97.17	94.64988198	430785	429583
G18583079	ISEc14_IS3_IS51	4	97.17	94.64988198	430784	429582
ERR3967931	ISEc14_IS3_IS51	4	97.17	94.64988198	430785	429583
KPN1552	ISEc14_IS3_IS51	3	97.17	94.64988198	430785	429583
ERR3480470	ISEc14_IS3_IS51	3	97.17	94.64988198	430784	429582
ERR3904539	ISEc14_IS3_IS51	3	97.17	94.64988198	31080	32282
KP_NORM_URN_2015_109003	ISEc14_IS3_IS51	3	97.17	94.64988198	430785	429583
NK_H1_050	ISEc14_IS3_IS51	NODE_42_length_44992_cov_18.325710	97.17	94.64988198	17500	18702
806241-18	ISEc14_IS3_IS51	12	97.17	94.64988198	136567	135365
NN-BB1794-I1	ISEc14_IS3_IS51	13	97.17	94.64988198	139459	138257
NK_H24_040	ISEc14_IS3_IS51	NODE_4_length_462150_cov_24.755984	97.17	94.64988198	31239	32441
NK_H25_001	ISEc14_IS3_IS51	NODE_5_length_462724_cov_38.244718	97.17	94.64988198	431487	430285
ERR3480312	ISEc14_IS3_IS51	3	97.17	94.64988198	31080	32282
ERR3844678	ISEc14_IS3_IS51	3	97.17	94.64988198	31080	32282
ERR3480314	ISEc14_IS3_IS51	4	97.17	94.64988198	31080	32282
ERR3480319	ISEc14_IS3_IS51	3	97.17	94.64988198	444345	443143
ERR3480326	ISEc14_IS3_IS51	3	97.17	94.64988198	430810	429608
NK_H3_018	ISEc14_IS3_IS51	NODE_3_length_463488_cov_27.294192	97.17	94.64988198	32002	33204
ERR3480329	ISEc14_IS3_IS51	19	97.17	94.64988198	50611	49409
NK_H4_004	ISEc14_IS3_IS51	NODE_3_length_462724_cov_43.104408	97.17	94.64988198	31238	32440
KGVET-2020-01-620	ISEc14_IS3_IS51	2	97.17	94.64988198	368016	366814
KGVET-2020-01-523-1	ISEc14_IS3_IS51	3	97.17	94.64988198	346990	345788
ERR3480339	ISEc14_IS3_IS51	3	97.17	94.64988198	430785	429583
KGVET-2020-01-432-2	ISEc14_IS3_IS51	3	97.17	94.64988198	372024	370822
KGVET-2020-01-4270	ISEc14_IS3_IS51	3	97.17	94.64988198	372024	370822
ERR3480347	ISEc14_IS3_IS51	3	97.17	94.64988198	31080	32282
ERR3480549	ISEc14_IS3_IS51	3	97.17	94.64988198	31080	32282
NK_H7_003	ISEc14_IS3_IS51	NODE_1_length_391918_cov_23.168837	97.17	94.64988198	31238	32440
NK_H7_009	ISEc14_IS3_IS51	NODE_3_length_463443_cov_26.678494	97.17	94.64988198	431442	430240
NK_H8_001	ISEc14_IS3_IS51	NODE_8_length_171588_cov_12.192125	97.17	94.64988198	31565	32767
NK_H8_091	ISEc14_IS3_IS51	NODE_23_length_64336_cov_25.225700	97.17	94.64988198	33130	31928
ERR4635240	ISEc14_IS3_IS51	4	97.17	94.64988198	430785	429583
ERR3480311	ISEc14_IS3_IS51	4	97.17	94.64988198	31080	32282
ERR4635179	ISEc14_IS3_IS51	3	97.17	94.64988198	31080	32282
ERR4635145	ISEc14_IS3_IS51	3	97.17	94.64988198	12406	13608
ERR3480273	ISEc14_IS3_IS51	4	97.17	94.64988198	430775	429573
ERR4635141	ISEc14_IS3_IS51	2	97.17	94.64988198	430757	429555
KP2-19	ISEc14_IS3_IS51	11	97.17	94.64988198	132949	131747
ERR3480282	ISEc14_IS3_IS51	2	97.17	94.64988198	31080	32282
ERR3480286	ISEc14_IS3_IS51	4	97.17	94.64988198	430787	429585
ERR3480287	ISEc14_IS3_IS51	2	97.17	94.64988198	31080	32282
ERR3480295	ISEc14_IS3_IS51	4	97.17	94.64988198	31080	32282
ERR3480569	ISEc14_IS3_IS51	4	97.17	94.64988198	430785	429583
ERR3480296	ISEc14_IS3_IS51	3	97.17	94.64988198	31080	32282
KP13-20	ISEc14_IS3_IS51	12	97.17	94.64988198	136492	135290
ERR3480310	ISEc14_IS3_IS51	3	97.17	94.64988198	430809	429607
ERR3480302	ISEc14_IS3_IS51	3	97.17	94.64988198	352382	351180
NK_H22_064	ISEc14_IS3_IS51	NODE_22_length_95852_cov_16.707471	97.17	94.64988198	64696	63494
NK_H22_067	ISEc14_IS3_IS51	NODE_6_length_415619_cov_23.805029	97.17	94.64988198	384382	383180
KP13-19	ISEc14_IS3_IS51	11	97.17	94.64988198	31080	32282
ERR3480565	ISEc14_IS3_IS51	3	97.17	94.64988198	31080	32282
NK_H22_069	ISEc14_IS3_IS51	NODE_4_length_462724_cov_24.598383	97.17	94.64988198	31238	32440
NK_H22_071	ISEc14_IS3_IS51	NODE_3_length_462703_cov_26.347350	97.17	94.64988198	431466	430264
NK_H22_079	ISEc14_IS3_IS51	NODE_11_length_217367_cov_26.233189	97.17	94.64988198	186161	184959
NK_H24_028	ISEc14_IS3_IS51	NODE_3_length_449054_cov_27.212676	97.17	94.64988198	417817	416615
ERR3480353	ISEc14_IS3_IS51	4	97.17	94.64988198	430786	429584
NN-BB492r1-I	ISEc14_IS3_IS51	12	97.17	94.64988198	136217	135015
KP23-20	ISEc14_IS3_IS51	10	97.17	94.64988198	31080	32282
ERR3480355	ISEc14_IS3_IS51	4	97.17	94.64988198	430786	429584
ERR3480490	ISEc14_IS3_IS51	3	97.17	94.64988198	31080	32282
ERR3480404	ISEc14_IS3_IS51	3	97.17	94.64988198	31080	32282
ERR3480407	ISEc14_IS3_IS51	3	97.17	94.64988198	31080	32282
2018-01-2280	ISEc14_IS3_IS51	2	97.17	94.64988198	368016	366814
ERR3480485	ISEc14_IS3_IS51	3	97.17	94.64988198	31080	32282
ERR3480408	ISEc14_IS3_IS51	3	97.17	94.64988198	31080	32282
ERR3480483	ISEc14_IS3_IS51	3	97.17	94.64988198	31080	32282
ERR3480409	ISEc14_IS3_IS51	3	97.17	94.64988198	31080	32282
SB5652	ISEc14_IS3_IS51	11	97.17	94.64988198	137599	136397
ERR3480476	ISEc14_IS3_IS51	3	97.17	94.64988198	430785	429583
SB5707	ISEc14_IS3_IS51	12	97.17	94.64988198	31080	32282
SB5708	ISEc14_IS3_IS51	12	97.17	94.64988198	137659	136457
SRR18486030	ISEc14_IS3_IS51	21	97.17	94.64988198	64610	63408
ERR3480416	ISEc14_IS3_IS51	4	97.17	94.64988198	31080	32282
SRR18982334	ISEc14_IS3_IS51	4	97.17	94.64988198	444287	443085
SRR19090170	ISEc14_IS3_IS51	3	97.17	94.64988198	31080	32282
INF308	ISEc14_IS3_IS51	1	97.17	94.64988198	31083	32285
ERR3480475	ISEc14_IS3_IS51	3	97.17	94.64988198	430785	429583
ERR3480448	ISEc14_IS3_IS51	3	97.17	94.64988198	430785	429583
ERR3480454	ISEc14_IS3_IS51	2	97.17	94.64988198	31080	32282
ERR4635438	ISEc14_IS3_IS51	4	97.17	94.64988198	430784	429582
ERR3480491	ISEc14_IS3_IS51	2	97.17	94.64988198	430785	429583
ERR3480394	ISEc14_IS3_IS51	20	97.17	94.64988198	31080	32282
KGVET-2020-01-176-3	ISEc14_IS3_IS51	3	97.17	94.64988198	372024	370822
ERR3480547	ISEc14_IS3_IS51	3	97.17	94.64988198	31080	32282
ERR3480548	ISEc14_IS3_IS51	3	97.17	94.64988198	31080	32282
ERR3480357	ISEc14_IS3_IS51	3	97.17	94.64988198	31080	32282
KGVET-2020-01-3114-1	ISEc14_IS3_IS51	2	97.17	94.64988198	368016	366814
RK-BB472-I	ISEc14_IS3_IS51	15	97.17	94.64988198	31080	32282
RK-BB488-I	ISEc14_IS3_IS51	15	97.17	94.64988198	31080	32282
RK-BB721b-I	ISEc14_IS3_IS51	4	97.17	94.64988198	31080	32282
RK-BB92-I	ISEc14_IS3_IS51	1	97.17	94.64988198	31080	32282
2018-01-4203	ISEc14_IS3_IS51	1	97.17	94.64988198	368016	366814
RU-BB187-I	ISEc14_IS3_IS51	14	97.17	94.64988198	31080	32282
ERR3480364	ISEc14_IS3_IS51	2	97.17	94.64988198	31080	32282
ERR3480392	ISEc14_IS3_IS51	3	97.17	94.64988198	430786	429584
KGVET-2020-01-2677-1	ISEc14_IS3_IS51	3	97.17	94.64988198	31084	32286
ERR3480533	ISEc14_IS3_IS51	3	97.17	94.64988198	31080	32282
RU-BB193-I	ISEc14_IS3_IS51	1	97.17	94.64988198	432565	431363
ERR3480369	ISEc14_IS3_IS51	3	97.17	94.64988198	31080	32282
KGVET-2020-01-2264-1	ISEc14_IS3_IS51	2	97.17	94.64988198	372024	370822
ERR4661751	ISEc14_IS3_IS51	3	97.17	94.64988198	31080	32282
ERR3480373	ISEc14_IS3_IS51	3	97.17	94.64988198	31080	32282
ERR3480492	ISEc14_IS3_IS51	3	97.17	94.64988198	31080	32282
KGVET-2020-01-1861-1	ISEc14_IS3_IS51	4	97.17	94.64988198	346937	345735
KP22-20	ISEc14_IS3_IS51	12	97.17	94.64988198	31080	32282
ERR3480550	ISEc14_IS3_IS51	3	97.17	94.64988198	430785	429583
NK_H21_058	ISEc14_IS3_IS51	NODE_4_length_462724_cov_20.626119	97.17	94.64988198	431486	430284
KP41-19	ISEc14_IS3_IS51	2	97.17	94.64988198	31080	32282
Kp4877	ISEc14_IS3_IS51	3	97.17	94.64988198	31080	32282
KP40-20	ISEc14_IS3_IS51	12	97.17	94.64988198	1397	2599
ERR3480101	ISEc14_IS3_IS51	3	97.17	94.64988198	31080	32282
NK_H14_082	ISEc14_IS3_IS51	NODE_5_length_462497_cov_26.467452	97.17	94.64988198	431260	430058
NK_H14_066	ISEc14_IS3_IS51	NODE_22_length_96295_cov_45.971097	97.17	94.64988198	65139	63937
NK_H14_060	ISEc14_IS3_IS51	NODE_4_length_361339_cov_16.586844	97.17	94.64988198	330101	328899
ERR3480134	ISEc14_IS3_IS51	4	97.17	94.64988198	65400	66602
KP38-20	ISEc14_IS3_IS51	14	97.17	94.64988198	136645	135443
KP37-19	ISEc14_IS3_IS51	25	97.17	94.64988198	31080	32282
Kp4878	ISEc14_IS3_IS51	3	97.17	94.64988198	430785	429583
ERR3480021	ISEc14_IS3_IS51	2	97.17	94.64988198	31079	32281
801401-17	ISEc14_IS3_IS51	2	97.17	94.64988198	430785	429583
ERR3480135	ISEc14_IS3_IS51	3	97.17	94.64988198	65400	66602
KP35-19	ISEc14_IS3_IS51	10	97.17	94.64988198	142946	141744
NK_H14_043	ISEc14_IS3_IS51	NODE_31_length_53089_cov_16.941146	97.17	94.64988198	21883	20681
NK_H21_037	ISEc14_IS3_IS51	NODE_11_length_170632_cov_23.603343	97.17	94.64988198	31207	32409
ERR3480155	ISEc14_IS3_IS51	3	97.17	94.64988198	430810	429608
ERR4139185	ISEc14_IS3_IS51	7	97.17	94.64988198	303525	302323
Kp4876	ISEc14_IS3_IS51	3	97.17	94.64988198	430785	429583
KP3-19	ISEc14_IS3_IS51	10	97.17	94.64988198	31080	32282
ERR3480099	ISEc14_IS3_IS51	2	97.17	94.64988198	430786	429584
713508-17	ISEc14_IS3_IS51	2	97.17	94.64988198	430773	429571
705349-17	ISEc14_IS3_IS51	26	97.17	94.64988198	33054	31852
NK_H15_065	ISEc14_IS3_IS51	NODE_7_length_262072_cov_14.957480	97.17	94.64988198	31207	32409
Kp4854	ISEc14_IS3_IS51	2	97.17	94.64988198	31080	32282
Kp4853	ISEc14_IS3_IS51	2	97.17	94.64988198	430785	429583
Kp4860	ISEc14_IS3_IS51	7	97.17	94.64988198	31080	32282
ERR3480675	ISEc14_IS3_IS51	3	97.17	94.64988198	430810	429608
Kp4872	ISEc14_IS3_IS51	3	97.17	94.64988198	430785	429583
KP46-19	ISEc14_IS3_IS51	38	97.17	94.64988198	23825	22623
Kp4873	ISEc14_IS3_IS51	3	97.17	94.64988198	31080	32282
ERR4139191	ISEc14_IS3_IS51	3	97.17	94.64988198	430785	429583
KP44-19	ISEc14_IS3_IS51	2	97.17	94.64988198	430785	429583
ERR486458	ISEc14_IS3_IS51	22	97.17	94.64988198	64646	63444
Kp4874	ISEc14_IS3_IS51	3	97.17	94.64988198	31080	32282
Kp4875	ISEc14_IS3_IS51	3	97.17	94.64988198	430785	429583
KP43-20	ISEc14_IS3_IS51	1	97.17	94.64988198	430785	429583
ERR4374803	ISEc14_IS3_IS51	4	97.17	94.64988198	430785	429583
Kp4879	ISEc14_IS3_IS51	3	97.17	94.64988198	430785	429583
NK_H15_057	ISEc14_IS3_IS51	NODE_13_length_137878_cov_11.821344	97.17	94.64988198	1358	2560
801602-19	ISEc14_IS3_IS51	11	97.17	94.64988198	31080	32282
ERR3480584	ISEc14_IS3_IS51	3	97.17	94.64988198	430785	429583
ERR3480259	ISEc14_IS3_IS51	4	97.17	94.64988198	430786	429584
804646-17	ISEc14_IS3_IS51	8	97.17	94.64988198	31080	32282
NK_H12_090	ISEc14_IS3_IS51	NODE_16_length_133336_cov_27.488548	97.17	94.64988198	744	1946
ERR3480581	ISEc14_IS3_IS51	3	97.17	94.64988198	31065	32267
NK_H18_018	ISEc14_IS3_IS51	NODE_2_length_462725_cov_14.478124	97.17	94.64988198	431487	430285
NK_H12_067	ISEc14_IS3_IS51	NODE_5_length_462725_cov_44.001451	97.17	94.64988198	31239	32441
ERR3479994	ISEc14_IS3_IS51	3	97.17	94.64988198	430810	429608
KP52-20	ISEc14_IS3_IS51	23	97.17	94.64988198	31080	32282
4965	ISEc14_IS3_IS51	3	97.17	94.64988198	430789	429587
804681-17	ISEc14_IS3_IS51	2	97.17	94.64988198	31080	32282
NK_H12_054	ISEc14_IS3_IS51	NODE_5_length_462575_cov_16.300252	97.17	94.64988198	431338	430136
3788	ISEc14_IS3_IS51	3	97.17	94.64988198	430785	429583
3668	ISEc14_IS3_IS51	3	97.17	94.64988198	430785	429583
805480-18	ISEc14_IS3_IS51	13	97.17	94.64988198	31080	32282
KP54-20	ISEc14_IS3_IS51	12	97.17	94.64988198	31080	32282
ERR3844670	ISEc14_IS3_IS51	4	97.17	94.64988198	31080	32282
KP26-19	ISEc14_IS3_IS51	2	97.17	94.64988198	430785	429583
ERR3480588	ISEc14_IS3_IS51	3	97.17	94.64988198	430810	429608
ERR3480268	ISEc14_IS3_IS51	3	97.17	94.64988198	31080	32282
801978-18	ISEc14_IS3_IS51	14	97.17	94.64988198	134920	133718
ERR3480598	ISEc14_IS3_IS51	3	97.17	94.64988198	31080	32282
Kp4880	ISEc14_IS3_IS51	3	97.17	94.64988198	430785	429583
KP25-19	ISEc14_IS3_IS51	12	97.17	94.64988198	136550	135348
ERR3480020	ISEc14_IS3_IS51	3	97.17	94.64988198	31080	32282
IES146_baker	ISEc14_IS3_IS51	3	97.17	94.64988198	31080	32282
ERR3480251	ISEc14_IS3_IS51	3	97.17	94.64988198	430810	429608
NK_H17_037	ISEc14_IS3_IS51	NODE_2_length_399425_cov_13.797868	97.17	94.64988198	368188	366986
ERR3480019	ISEc14_IS3_IS51	2	97.17	94.64988198	31080	32282
INF004	ISEc14_IS3_IS51	4	97.17	94.64988198	442724	441522
2018-01-4247	ISEc14_IS3_IS51	2	97.09	94.64988198	358387	357185
G18000214	ISEc14_IS3_IS51	3	97.09	94.64988198	394368	395570
ERR3469816	ISEc14_IS3_IS51	2	97.09	94.64988198	389488	388286
ERR4023078	ISEc14_IS3_IS51	3	97.09	94.64988198	389489	388287
G18503175	ISEc14_IS3_IS51	5	97.09	94.64988198	396889	395687
2018-01-1095	ISEc14_IS3_IS51	2	97.09	94.64988198	403088	401886
ERR4023086	ISEc14_IS3_IS51	3	97.09	94.64988198	389627	388425
2018-01-4459	ISEc14_IS3_IS51	2	97.09	94.64988198	66372	67574
KGVET-2020-01-2542-3	ISEc14_IS3_IS51	2	97.09	94.64988198	352736	351534
KGVET-2020-01-3043-2	ISEc14_IS3_IS51	14	97.09	94.64988198	60333	59131
2018-01-1097	ISEc14_IS3_IS51	15	97.09	94.64988198	60323	59121
2018-01-1148	ISEc14_IS3_IS51	20	97.09	94.64988198	60333	59131
2018-01-1176	ISEc14_IS3_IS51	22	97.09	94.64988198	27036	28238
2018-01-2643	ISEc14_IS3_IS51	4	97.09	94.64988198	368028	366826
2018-01-3925	ISEc14_IS3_IS51	4	97.09	94.64988198	27036	28238
2018-01-1775	ISEc14_IS3_IS51	2	97.09	94.64988198	403088	401886
2018-01-3448	ISEc14_IS3_IS51	22	97.09	94.64988198	60333	59131
KGVET-2020-01-2158-1	ISEc14_IS3_IS51	2	97.09	94.64988198	66372	67574
2018-01-2125	ISEc14_IS3_IS51	2	97.09	94.64988198	66392	67594
2018-01-2782	ISEc14_IS3_IS51	19	97.09	94.64988198	27036	28238
2018-01-2485	ISEc14_IS3_IS51	2	97.09	94.64988198	66372	67574
2018-01-3029	ISEc14_IS3_IS51	20	97.09	94.64988198	9889	11091
G18503171	ISEc14_IS3_IS51	4	97.09	94.64988198	31067	32269
KGVETS-2019-01-1635	ISEc14_IS3_IS51	4	97.09	94.64988198	368028	366826
G18000660	ISEc14_IS3_IS51	3	97.09	94.64988198	31080	32282
KGVETS-2019-01-1335	ISEc14_IS3_IS51	4	97.09	94.64988198	31081	32283
NK_H19_009	ISEc14_IS3_IS51	NODE_3_length_442251_cov_25.138047	97.09	94.64988198	31307	32509
G18000711	ISEc14_IS3_IS51	4	97.09	94.64988198	31080	32282
G18000767	ISEc14_IS3_IS51	4	97.09	94.64988198	430785	429583
2018-01-874	ISEc14_IS3_IS51	1	97.09	94.64988198	66372	67574
KGVETS-2019-01-3162	ISEc14_IS3_IS51	4	97.09	94.64988198	31081	32283
G18000434	ISEc14_IS3_IS51	4	97.09	94.64988198	430785	429583
2018-01-802	ISEc14_IS3_IS51	4	97.09	94.64988198	66372	67574
IN-BB599-I	ISEc14_IS3_IS51	3	97.09	94.64988198	375708	374506
2018-01-707	ISEc14_IS3_IS51	4	97.09	94.64988198	66372	67574
2018-01-779	ISEc14_IS3_IS51	1	97.09	94.64988198	403088	401886
2018-01-4766	ISEc14_IS3_IS51	2	97.09	94.64988198	66392	67594
KGVET-2020-01-3987-2	ISEc14_IS3_IS51	2	97.09	94.64988198	352736	351534
ERR474559	ISEc14_IS3_IS51	4	97.09	94.64988198	394811	393609
2018-01-4653	ISEc14_IS3_IS51	3	97.09	94.64988198	66372	67574
KPN1957	ISEc14_IS3_IS51	5	97.09	94.64988198	31067	32269
2019.TE.22689.1.42	ISEc14_IS3_IS51	9	97.09	94.64988198	191606	190404
Kp2864	ISEc14_IS3_IS51	3	97.09	94.64988198	31067	32269
KPN1956	ISEc14_IS3_IS51	5	97.09	94.64988198	31067	32269
G18503165	ISEc14_IS3_IS51	5	97.09	94.64988198	396889	395687
2018-01-475	ISEc14_IS3_IS51	3	97.09	94.64988198	310597	309395
G20250455	IS1R_IS1_unknown	3	96.88	100	392918	392151
G20251277	IS1R_IS1_unknown	3	96.88	100	392834	392067
KPN2216	ISEc14_IS3_IS51	15	96.86	95.35798584	87133	85922
NK_H13_007	ISEc14_IS3_IS51	NODE_3_length_530359_cov_37.310792	96.86	95.35798584	31646	32857
SAMN07525443	ISEc14_IS3_IS51	4	96.86	95.35798584	31059	32270
KPN1635	ISEc14_IS3_IS51	3	96.86	95.35798584	31059	32270
KP_NORM_BLD_114326	ISEc14_IS3_IS51	NODE_4_length_414654_cov_30.592934	96.86	95.35798584	31186	32397
KPN1651	ISEc14_IS3_IS51	6	96.86	95.35798584	31059	32270
G20250716	ISEc14_IS3_IS51	3	96.86	95.35798584	31059	32270
INF072	ISEc14_IS3_IS51	chromosome	96.86	95.35798584	1183359	1182148
G20250981	ISEc14_IS3_IS51	5	96.86	95.35798584	333761	332550
G20250915	ISEc14_IS3_IS51	1	96.86	95.35798584	31059	32270
PC-BB456-I	ISEc14_IS3_IS51	20	96.86	95.35798584	55559	54348
KP_NORM_BLD_112587	ISEc14_IS3_IS51	NODE_16_length_118497_cov_14.705069	96.86	95.35798584	31238	32449
INF351	ISEc14_IS3_IS51	2	96.86	95.35798584	746406	745195
INF101	ISEc14_IS3_IS51	4	96.86	95.35798584	383346	382135
NK_H19_025	ISEc14_IS3_IS51	NODE_16_length_118363_cov_21.105583	96.86	95.35798584	31136	32347
G20252223	ISEc14_IS3_IS51	20	96.86	95.35798584	65251	64040
ERR3449211	ISEc14_IS3_IS51	2	96.85	97.56097561	667681	668908
ERR3931883	ISEc14_IS3_IS51	4	96.85	97.56097561	408250	409477
SB5445	ISEc14_IS3_IS51	8	96.85	97.56097561	224453	225680
INF002	ISEc14_IS3_IS51	4	96.78	95.35798584	383346	382135
MVK-06S012	ISEc14_IS3_IS51	7	96.77	97.56097561	23137	21910
SRR18486038	ISSty2_IS3_IS3	1	96.51	100.1588562	367773	366515
ERR4635475	ISSty2_IS3_IS3	6	96.51	100.1588562	230196	228938
ERR3932012	ISSty2_IS3_IS3	4	96.51	100.1588562	323051	321793
INF068	ISSty2_IS3_IS3	4	96.51	100.1588562	408246	406988
SB5606	ISSty2_IS3_IS3	4	96.51	100.1588562	1167	2425
G18000751	ISSty2_IS3_IS3	5	96.51	100.1588562	403071	401813
KPN050_baker	ISSty2_IS3_IS3	1	96.51	100.1588562	4653	5911
KPN1682	ISSty2_IS3_IS3	23	96.51	100.1588562	43722	42464
ERR4635467	ISSty2_IS3_IS3	5	96.51	100.1588562	230197	228939
SB5605	ISSty2_IS3_IS3	28	96.51	100.1588562	63060	61802
KPN1938	ISSty2_IS3_IS3	2	96.51	100.1588562	74406	75664
KPN2090	ISSty2_IS3_IS3	6	96.51	100.1588562	224165	222907
KPN2121	ISSty2_IS3_IS3	5	96.51	100.1588562	402132	400874
800656-17	ISSty2_IS3_IS3	2	96.51	100.1588562	38661	39919
KP_NORM_BLD_114603	ISSty2_IS3_IS3	NODE_3_length_416512_cov_13.646877	96.51	100.1588562	14266	15524
C0196	ISSty2_IS3_IS3	5	96.51	100.1588562	178	1436
ERR3469848	ISSty2_IS3_IS3	3	96.51	100.1588562	38722	39980
2019.TE.17588.1.47	ISSty2_IS3_IS3	1	96.51	100.1588562	38661	39919
NHP1981	ISSty2_IS3_IS3	4	96.51	100.1588562	2060	3318
INF202	ISSty2_IS3_IS3	3	96.51	100.1588562	36467	37725
G18000858	ISSty2_IS3_IS3	16	96.51	100.1588562	94046	92788
ERR4374816	ISSty2_IS3_IS3	15	96.51	100.1588562	117203	115945
KPN2174	ISSty2_IS3_IS3	9	96.51	100.1588562	169245	167987
NHP2042	ISSty2_IS3_IS3	4	96.51	100.1588562	416485	415227
NK_H15_026	ISSty2_IS3_IS3	NODE_36_length_23391_cov_17.270289	96.51	100.1588562	19595	18337
SB5468	ISSty2_IS3_IS3	3	96.51	100.1588562	408	1666
2019.TE.17588.1.48	ISSty2_IS3_IS3	3	96.51	100.1588562	38661	39919
ERR3448946	ISSty2_IS3_IS3	3	96.51	100.1588562	403196	401938
KP_NORM_URN_109543	ISSty2_IS3_IS3	4	96.51	100.1588562	355665	354407
KGVETS-2019-01-078	ISEc14_IS3_IS51	2	96.49	98.58379229	57548	58799
KGVET-2020-01-4249-1	ISEc14_IS3_IS51	3	96.49	98.58379229	33304	34555
NK_H4_014	ISEc14_IS3_IS51	NODE_1_length_402367_cov_15.311535	96.49	98.58379229	368909	367658
NK_H8_070	ISEc14_IS3_IS51	NODE_1_length_447321_cov_30.258608	96.49	98.58379229	57726	58977
2019.TE.22689.1.87	ISEc14_IS3_IS51	4	96.49	98.58379229	33304	34555
ERR4023101	ISEc14_IS3_IS51	5	96.49	98.58379229	33304	34555
KPN1897	ISEc14_IS3_IS51	14	96.49	98.58379229	81036	79785
2019.TE.22689.1.86	ISEc14_IS3_IS51	4	96.49	98.58379229	33304	34555
2018-01-2639	ISEc14_IS3_IS51	3	96.49	98.58379229	57548	58799
KGVET-2020-01-3421-1	ISEc14_IS3_IS51	2	96.49	98.58379229	57548	58799
KPN2191	ISSty2_IS3_IS3	20	96.43	100.1588562	49801	51059
KPN2152	ISSty2_IS3_IS3	22	96.43	100.1588562	34841	33583
INF338	ISSty2_IS3_IS3	10	96.43	100.1588562	216	1474
ERR3844682	ISSty2_IS3_IS3	41	96.43	100.1588562	35819	34561
ERR3480031	ISSty2_IS3_IS3	4	96.43	100.1588562	324595	323337
INF348	ISSty2_IS3_IS3	2	96.43	100.1588562	362766	361508
KP_NORM_BLD_112914	ISSty2_IS3_IS3	NODE_3_length_338660_cov_17.038516	96.43	100.1588562	1941	3199
ERR3448979	ISSty2_IS3_IS3	27	96.43	100.1588562	39216	37958
ERR3448978	ISSty2_IS3_IS3	26	96.43	100.1588562	38661	39919
SAMN07525435	ISSty2_IS3_IS3	46	96.43	100.1588562	10448	9190
NK_H12_098	ISSty2_IS3_IS3	NODE_6_length_329364_cov_21.290359	96.43	100.1588562	5839	7097
5148	ISSty2_IS3_IS3	3	96.43	100.1588562	334676	333418
ERR4374820	ISSty2_IS3_IS3	5	96.43	100.1588562	330479	329221
2021.TE.73017.1.2	ISSty2_IS3_IS3	2	96.43	100.1588562	38660	39918
ERR486505	ISSty2_IS3_IS3	6	96.43	100.1588562	226178	224920
SRR5385399	ISSty2_IS3_IS3	2	96.43	100.1588562	2280	3538
ERR4635333	ISEc14_IS3_IS51	3	96.41	98.58379229	33282	34533
NK_H14_090	ISEc14_IS3_IS51	NODE_4_length_352004_cov_29.863074	96.41	98.58379229	33511	34762
ERR486366	ISSty2_IS3_IS3	3	96.35	100.1588562	2560	3818
INF039	ISEc14_IS3_IS51	3	96.33	98.6624705	372879	371627
ERR3449399	ISEc14_IS3_IS51	3	96.33	98.6624705	394278	393026
MVK-06F127	ISEc14_IS3_IS51	4	96.09	98.58379229	33333	34584
ERR4022846	ISEc14_IS3_IS51	3	96.09	98.58379229	409144	407893
KP_NORM_BLD_113865	ISEc14_IS3_IS51	NODE_2_length_463777_cov_11.720063	96.09	98.58379229	33460	34711
ERR3844618	ISEc14_IS3_IS51	3	96.09	98.58379229	409144	407893
SAMN07525387	ISEc14_IS3_IS51	5	96.09	98.58379229	413144	411893
KPN2236	IS2_IS3_IS2	28	96.02	100	1331	1
KPN1917	ISKpn54_IS3_IS407	3	95.79	100	29490	28281
KP_NORM_URN_107516	ISKpn54_IS3_IS407	3	95.79	100	445360	446569
NHP1675	ISSty2_IS3_IS3	27	95.55	100	62286	63543
NHP1677	ISSty2_IS3_IS3	25	95.55	100	62285	63542
Kp_2423	ISEhe3_IS3_IS51	24	95.45	100.081367	33080	34308
SB5496	ISEhe3_IS3_IS51	2	95.45	100.081367	715281	714053
NK_H12_064	ISEhe3_IS3_IS51	NODE_22_length_99640_cov_14.699909	95.45	100.081367	33361	34589
SB5495	ISEhe3_IS3_IS51	3	95.45	100.081367	33127	34355
KV_08	ISEhe3_IS3_IS51	17	95.45	100.081367	28757	29985
KV_11	ISEhe3_IS3_IS51	12	95.45	100.081367	143912	142684
KSB1_7B	ISSty2_IS3_IS3	3	95.4	100.0794281	51123	52381
NK_H4_017	ISSty2_IS3_IS3	NODE_5_length_438064_cov_32.170705	95.4	100.1588562	51920	53179
KPN1637	ISEhe3_IS3_IS51	4	95.37	100.081367	435259	434031
KGVETS-2019-01-2308B	ISEhe3_IS3_IS51	3	95.37	100.081367	33078	34306
NK_H1_096	ISEhe3_IS3_IS51	NODE_3_length_472504_cov_27.120478	95.37	100.081367	33236	34464
ERR3449448	ISEhe3_IS3_IS51	4	95.37	100.081367	392514	391286
KPEH596	ISEhe3_IS3_IS51	3	95.37	100.081367	33057	34285
SB5507	ISEhe3_IS3_IS51	4	95.37	100.081367	375095	373867
G18503404	ISEhe3_IS3_IS51	6	95.37	100.081367	334287	333059
ERR486757	ISEhe3_IS3_IS51	21	95.37	100.081367	33115	34343
ERR3449173	ISEhe3_IS3_IS51	4	95.37	100.081367	392514	391286
KGVETS-2019-01-4380	ISEhe3_IS3_IS51	4	95.37	100.081367	400605	399377
KPN1905	ISEhe3_IS3_IS51	3	95.37	100.081367	435259	434031
NK_H4_008	ISEhe3_IS3_IS51	NODE_11_length_210570_cov_45.623166	95.37	100.081367	177366	176138
NK_H12_013	ISEhe3_IS3_IS51	NODE_10_length_191496_cov_21.787442	95.37	100.081367	158312	157084
2018-01-2050	ISEhe3_IS3_IS51	4	95.37	100.081367	344384	343156
KGVET-2020-01-1138	ISEhe3_IS3_IS51	2	95.37	100.081367	710406	709178
KPN2230	ISEhe3_IS3_IS51	2	95.37	100.081367	435259	434031
NK_H17_032	ISEhe3_IS3_IS51	NODE_21_length_78382_cov_16.066219	95.37	100.081367	33328	34556
Kp4292	ISEhe3_IS3_IS51	3	95.37	100.081367	401543	400315
2018-01-4196	ISEhe3_IS3_IS51	5	95.37	100.081367	355420	354192
KGVET-2020-01-4177	ISEhe3_IS3_IS51	3	95.37	100.081367	435321	434093
KPN2007	ISEhe3_IS3_IS51	3	95.37	100.081367	435198	433970
ERR4635316	ISEhe3_IS3_IS51	3	95.37	100.081367	40603	41831
SRR19090251	ISEhe3_IS3_IS51	1	95.37	100.081367	717406	716178
KPN2008	ISEhe3_IS3_IS51	2	95.37	100.081367	33108	34336
716292-18	ISEhe3_IS3_IS51	13	95.37	100.081367	161122	159894
KPN1923	ISEhe3_IS3_IS51	3	95.37	100.081367	435198	433970
ERR3932038	ISEhe3_IS3_IS51	17	95.37	100.081367	33079	34307
ERR4635311	ISEhe3_IS3_IS51	2	95.37	100.081367	435194	433966
NK_H18_030	ISEhe3_IS3_IS51	NODE_2_length_435252_cov_13.290096	95.37	100.081367	33184	34412
ERR3449147	ISSty2_IS3_IS3	5	95.32	100.1588562	47347	48606
KGVETS-2019-01-2311	ISKpn54_IS3_IS407	2	95.29	100	27214	28424
NK_H22_041	ISKpn54_IS3_IS407	NODE_2_length_716828_cov_45.470930	95.29	100	689460	688250
KGMAR-2020-375	ISKpn54_IS3_IS407	NODE_4_length_428334_cov_52.923033	95.29	100	27844	29054
ERR3469849	ISKpn54_IS3_IS407	4	95.29	100	27213	28423
KP_NORM_URN_110904	ISKpn54_IS3_IS407	1	95.29	100	27315	28525
NK_H15_042	ISKpn54_IS3_IS407	NODE_39_length_41887_cov_16.303400	95.29	100	14547	13337
KP_NORM_URN_2015_111534	ISEhe3_IS3_IS51	1	95.28	100.081367	25405	26633
Kp_2027	ISEhe3_IS3_IS51	4	95.28	100.081367	401738	400510
Kp_2035	ISEhe3_IS3_IS51	6	95.28	100.081367	188186	186958
Kp_2034	ISEhe3_IS3_IS51	4	95.28	100.081367	401738	400510
G18000616	ISEhe3_IS3_IS51	4	95.28	100.081367	68370	69598
G18000479	ISEhe3_IS3_IS51	7	95.28	100.081367	241467	240239
G20251266	ISEhe3_IS3_IS51	3	95.28	100.081367	68370	69598
Kp_2018	ISEhe3_IS3_IS51	7	95.28	100.081367	68370	69598
KP_NORM_URN_2012_81432	ISEhe3_IS3_IS51	2	95.28	100.081367	401562	400334
ERR486411	ISEhe3_IS3_IS51	13	95.28	100.081367	63760	62532
Kp_1684	ISEhe3_IS3_IS51	8	95.28	100.081367	276380	275152
G18000394	ISEhe3_IS3_IS51	6	95.28	100.081367	241468	240240
KP_NORM_BLD_2011_76233	ISEhe3_IS3_IS51	NODE_8_length_345297_cov_25.153185	95.28	100.081367	68497	69725
KP_NORM_BLD_2011_76220	ISEhe3_IS3_IS51	NODE_6_length_311238_cov_9.347802	95.28	100.081367	68528	69756
KP_NORM_URN_2012_80681	ISEhe3_IS3_IS51	6	95.28	100.081367	276498	275270
Kp_2036	ISEhe3_IS3_IS51	8	95.28	100.081367	68370	69598
KP_NORM_BLD_2014_102382	ISEhe3_IS3_IS51	NODE_6_length_310033_cov_32.978203	95.28	100.081367	276801	275573
KP_NORM_URN_2013_95533	ISEhe3_IS3_IS51	5	95.28	100.081367	401562	400334
G18000365	ISEhe3_IS3_IS51	6	95.28	100.081367	30514	31742
Kp_2057	ISEhe3_IS3_IS51	7	95.28	100.081367	68370	69598
Kp3660	ISEhe3_IS3_IS51	4	95.28	100.081367	401380	400152
RU-BB83-I	ISEhe3_IS3_IS51	5	95.28	100.081367	276498	275270
PP-BB62-I	ISEhe3_IS3_IS51	53	95.28	100.081367	850	2078
G18000778	ISEhe3_IS3_IS51	4	95.28	100.081367	401738	400510
Kp_2063	ISEhe3_IS3_IS51	6	95.28	100.081367	68370	69598
KP_NORM_BLD_2011_76225	ISEhe3_IS3_IS51	NODE_6_length_345325_cov_24.750222	95.28	100.081367	68525	69753
Kp_2067	ISEhe3_IS3_IS51	7	95.28	100.081367	68370	69598
G18000810	ISEhe3_IS3_IS51	4	95.28	100.081367	64095	65323
Kp_2069	ISEhe3_IS3_IS51	6	95.28	100.081367	68370	69598
PP-BB2292-I	ISEhe3_IS3_IS51	4	95.28	100.081367	401738	400510
KP_NORM_BLD_2012_86962	ISEhe3_IS3_IS51	NODE_6_length_345325_cov_24.149749	95.28	100.081367	276801	275573
Kp_2065	ISEhe3_IS3_IS51	6	95.28	100.081367	276498	275270
NK_H14_028	ISKpn54_IS3_IS407	NODE_4_length_468249_cov_14.066743	95.21	100	27371	28581
KPN1887	ISKpn54_IS3_IS407	2	95.13	100	27213	28423
CAVP32	ISKpn54_IS3_IS407	2	95.13	100	394209	392999
1UP2	ISKpn54_IS3_IS407	2	95.05	100	27213	28423
NHP1162	IS903_IS5_IS903	2	94.71	100.0946074	23058	24114
ERR4635289	ISEcl10_IS3_IS407	2	94.61	100	432760	431555
INF161	ISEcl10_IS3_IS407	2	94.61	100	687276	686071
INF156	ISEcl10_IS3_IS407	chromosome	94.61	100	1141821	1140616
KGMAR-2016-1249	ISEcl10_IS3_IS407	NODE_3_length_455727_cov_28.822013	94.61	100	32697	33902
KGMAR-2016-1399	ISEcl10_IS3_IS407	NODE_24_length_74425_cov_19.136074	94.61	100	32808	34013
ERR4635336	ISEcl10_IS3_IS407	2	94.61	100	32506	33711
ERR4635293	ISEcl10_IS3_IS407	2	94.61	100	432760	431555
ERR3480252	ISEcl10_IS3_IS407	6	94.61	100	390864	389659
ERR4635340	ISEcl10_IS3_IS407	3	94.61	100	432760	431555
3809	ISEcl10_IS3_IS407	2	94.61	100	32506	33711
NK_H18_075	ISEcl10_IS3_IS407	NODE_10_length_165169_cov_12.543334	94.61	100	66396	67601
NK_H2_008	ISEcl10_IS3_IS407	NODE_1_length_753772_cov_41.973071	94.61	100	721057	719852
ERR3480481	ISEcl10_IS3_IS407	4	94.61	100	32539	33744
KGVET-2020-01-4267	ISEcl10_IS3_IS407	4	94.61	100	369424	368219
2021.TE.133038.1.19	ISEcl10_IS3_IS407	1	94.61	100	182248	181043
NK_H16_002	ISEcl10_IS3_IS407	NODE_6_length_376599_cov_32.240366	94.61	100	37841	39046
Kp3270	ISEcl10_IS3_IS407	4	94.61	100	32506	33711
5184	ISEcl10_IS3_IS407	2	94.61	100	32506	33711
ERR4635303	ISEcl10_IS3_IS407	2	94.61	100	32506	33711
5182	ISEcl10_IS3_IS407	2	94.61	100	382891	381686
INF084	ISEcl10_IS3_IS407	1	94.61	100	32539	33744
ERR4635299	ISEcl10_IS3_IS407	3	94.61	100	432760	431555
ERR4635297	ISEcl10_IS3_IS407	3	94.61	100	32506	33711
18090_3_5	ISEcl10_IS3_IS407	12	94.61	100	143419	142214
5178	ISEcl10_IS3_IS407	4	94.61	100	382880	381675
ERR3480231	ISEcl10_IS3_IS407	6	94.61	100	390864	389659
5177	ISEcl10_IS3_IS407	2	94.61	100	382891	381686
INF356	ISEcl10_IS3_IS407	1	94.61	100	32539	33744
5176	ISEcl10_IS3_IS407	2	94.61	100	32506	33711
ERR3480228	ISEcl10_IS3_IS407	6	94.61	100	390864	389659
ERR3480229	ISEcl10_IS3_IS407	6	94.61	100	32570	33775
ERR4635285	ISEcl10_IS3_IS407	2	94.61	100	432760	431555
ERR3480230	ISEcl10_IS3_IS407	6	94.61	100	32570	33775
INF292	ISEcl10_IS3_IS407	1	94.61	100	32539	33744
ERR3480532	ISEcl10_IS3_IS407	2	94.61	100	391002	389797
2019.TE.17588.1.10	ISEcl10_IS3_IS407	5	94.61	100	32539	33744
NK_H21_009	ISEcl10_IS3_IS407	NODE_5_length_353538_cov_33.737917	94.61	100	338759	337554
ERR3480398	ISEcl10_IS3_IS407	4	94.61	100	32539	33744
ERR4635262	ISEcl10_IS3_IS407	3	94.61	100	32506	33711
KGVETS-2019-01-2222	ISEcl10_IS3_IS407	3	94.61	100	32576	33781
ERR4635258	ISEcl10_IS3_IS407	2	94.61	100	432760	431555
ERR4635144	ISEcl10_IS3_IS407	3	94.61	100	432760	431555
ERR3480395	ISEcl10_IS3_IS407	4	94.61	100	32539	33744
ERR3480313	ISEcl10_IS3_IS407	4	94.61	100	32539	33744
ERR4635254	ISEcl10_IS3_IS407	2	94.61	100	432651	431446
2019.TE.17588.1.6	ISEcl10_IS3_IS407	1	94.61	100	67106	68311
2021.TE.133038.1.20	ISEcl10_IS3_IS407	2	94.61	100	441188	439983
KGVETS-2019-01-3185	ISEcl10_IS3_IS407	3	94.61	100	32576	33781
ERR4782096	ISEcl10_IS3_IS407	3	94.61	100	432760	431555
KGVETS-2019-01-3793	ISEcl10_IS3_IS407	1	94.61	100	32506	33711
KGVETS-2019-01-897	ISEcl10_IS3_IS407	3	94.61	100	32538	33743
Kp_14_HUC	ISEcl10_IS3_IS407	4	94.61	100	32506	33711
KGVETS-2019-01-1807	ISEcl10_IS3_IS407	3	94.61	100	420584	419379
INF273	ISEcl10_IS3_IS407	3	94.61	100	32541	33746
2021.TE.133038.1.3	ISEcl10_IS3_IS407	2	94.61	100	69097	70302
ERR4635345	ISEcl10_IS3_IS407	2	94.61	100	32506	33711
ERR4635128	ISEcl10_IS3_IS407	2	94.61	100	32506	33711
Kp3851	ISEcl10_IS3_IS407	4	94.61	100	382888	381683
NW-BB1240-I	ISEcl10_IS3_IS407	11	94.61	100	32506	33711
INF023	ISEcl10_IS3_IS407	3	94.61	100	414200	412995
2021.TE.73017.1.12	ISEcl10_IS3_IS407	8	94.61	100	188703	187498
2021.TE.133038.1.4	ISEcl10_IS3_IS407	4	94.61	100	188976	187771
ERR4635282	ISEcl10_IS3_IS407	2	94.61	100	32506	33711
INF180	ISEcl10_IS3_IS407	2	94.61	100	32539	33744
ERR4635277	ISEcl10_IS3_IS407	3	94.61	100	32506	33711
ERR486292	ISEcl10_IS3_IS407	1	94.61	100	32548	33753
ERR4635271	ISEcl10_IS3_IS407	2	94.61	100	32506	33711
ERR4635265	ISEcl10_IS3_IS407	3	94.61	100	432761	431556
KGVETS-2019-01-1638	ISEcl10_IS3_IS407	1	94.61	100	32506	33711
NK_H29_004	ISEcl10_IS3_IS407	NODE_4_length_344635_cov_22.828332	94.61	100	32697	33902
KGVET-2020-01-3569-2	ISEcl10_IS3_IS407	1	94.61	100	67597	68802
ERR3932051	ISEcl10_IS3_IS407	3	94.61	100	687303	686098
ERR3480107	ISEcl10_IS3_IS407	4	94.61	100	32539	33744
ERR3449098	ISEcl10_IS3_IS407	2	94.61	100	32539	33744
ERR3449084	ISEcl10_IS3_IS407	4	94.61	100	391311	390106
ERR3469827	ISEcl10_IS3_IS407	2	94.61	100	696668	695463
ERR3449055	ISEcl10_IS3_IS407	4	94.61	100	369359	368154
ERR3449039	ISEcl10_IS3_IS407	3	94.61	100	421026	419821
ERR3449036	ISEcl10_IS3_IS407	2	94.61	100	32539	33744
KPN1934	ISEcl10_IS3_IS407	2	94.61	100	513107	511902
KP_NORM_URN_109020	ISEcl10_IS3_IS407	2	94.61	100	514844	513639
ERR3967801	ISEcl10_IS3_IS407	2	94.61	100	717978	716773
ERR3469870	ISEcl10_IS3_IS407	4	94.61	100	369359	368154
KPN1790	ISEcl10_IS3_IS407	4	94.61	100	32539	33744
ERR3448911	ISEcl10_IS3_IS407	3	94.61	100	67932	69137
G20251568	ISEcl10_IS3_IS407	2	94.61	100	32539	33744
KP_NORM_URN_2015_113374	ISEcl10_IS3_IS407	6	94.61	100	32539	33744
ERR3448894	ISEcl10_IS3_IS407	6	94.61	100	390864	389659
KSB1_1I	ISEcl10_IS3_IS407	2	94.61	100	687302	686097
G20251624	ISEcl10_IS3_IS407	2	94.61	100	712485	711280
G20251893	ISEcl10_IS3_IS407	2	94.61	100	32539	33744
ERR3844748	ISEcl10_IS3_IS407	5	94.61	100	352766	351561
ERR3440425	ISEcl10_IS3_IS407	2	94.61	100	687260	686055
ERR4022851	ISEcl10_IS3_IS407	4	94.61	100	32539	33744
KSB2_10C	ISEcl10_IS3_IS407	3	94.61	100	32539	33744
ERR4022852	ISEcl10_IS3_IS407	4	94.61	100	369359	368154
ERR3844721	ISEcl10_IS3_IS407	4	94.61	100	369359	368154
ERR3844711	ISEcl10_IS3_IS407	1	94.61	100	663445	662240
ERR3440341	ISEcl10_IS3_IS407	1	94.61	100	700884	699679
KPN2012	ISEcl10_IS3_IS407	5	94.61	100	436022	434817
G20251261	ISEcl10_IS3_IS407	1	94.61	100	687303	686098
C0598	ISEcl10_IS3_IS407	1	94.61	100	687304	686099
ERR3469812	ISEcl10_IS3_IS407	4	94.61	100	32547	33752
ERR3449379	ISEcl10_IS3_IS407	6	94.61	100	390864	389659
ERR3449374	ISEcl10_IS3_IS407	2	94.61	100	66918	68123
ERR3449367	ISEcl10_IS3_IS407	4	94.61	100	32539	33744
KPN2224	ISEcl10_IS3_IS407	4	94.61	100	454696	453491
ERR3932147	ISEcl10_IS3_IS407	1	94.61	100	687304	686099
ERR3449447	ISEcl10_IS3_IS407	4	94.61	100	369359	368154
ERR3449366	ISEcl10_IS3_IS407	4	94.61	100	32539	33744
ERR3449358	ISEcl10_IS3_IS407	2	94.61	100	32539	33744
ERR3449344	ISEcl10_IS3_IS407	3	94.61	100	369978	368773
ERR3449342	ISEcl10_IS3_IS407	2	94.61	100	722369	721164
ERR3449305	ISEcl10_IS3_IS407	4	94.61	100	369359	368154
ERR3449304	ISEcl10_IS3_IS407	4	94.61	100	32539	33744
ERR3449187	ISEcl10_IS3_IS407	4	94.61	100	32539	33744
KPN2164	ISEcl10_IS3_IS407	2	94.61	100	32539	33744
ERR3932252	ISEcl10_IS3_IS407	3	94.61	100	32539	33744
ERR3449183	ISEcl10_IS3_IS407	4	94.61	100	32539	33744
G18584090	ISEcl10_IS3_IS407	1	94.61	100	687300	686095
KP_NORM_BLD_116244	ISEcl10_IS3_IS407	NODE_2_length_411028_cov_7.603868	94.61	100	344388	343183
ERR3932287	ISEcl10_IS3_IS407	1	94.61	100	32506	33711
ERR3449144	ISEcl10_IS3_IS407	4	94.61	100	32539	33744
KP_NORM_BLD_117477	ISEcl10_IS3_IS407	NODE_1_length_720318_cov_12.414979	94.61	100	687622	686417
G20251159	ISEcl10_IS3_IS407	6	94.61	100	310551	309346
ERR3469793	ISEcl10_IS3_IS407	4	94.61	100	25765	26970
ERR3469794	ISEcl10_IS3_IS407	4	94.61	100	455342	454137
G20251260	ISEcl10_IS3_IS407	2	94.61	100	687303	686098
ERR4022956	ISEcl10_IS3_IS407	3	94.61	100	404377	403172
G20251573	ISEcl10_IS3_IS407	11	94.61	100	132861	131656
ERR3449143	ISEcl10_IS3_IS407	4	94.61	100	32539	33744
ERR3480638	ISEcl10_IS3_IS407	4	94.61	100	369359	368154
ERR3480654	ISEcl10_IS3_IS407	1	94.61	100	719355	718150
NK_H1_017	ISEcl10_IS3_IS407	NODE_5_length_247413_cov_8.300543	94.61	100	214228	213023
5187	ISEcl10_IS3_IS407	8	94.61	100	242448	241243
ERR3844658	ISEcl10_IS3_IS407	5	94.61	100	352766	351561
ERR3480655	ISEcl10_IS3_IS407	1	94.61	100	719355	718150
ERR3844646	ISEcl10_IS3_IS407	5	94.61	100	25765	26970
5188	ISEcl10_IS3_IS407	3	94.61	100	32506	33711
5189	ISEcl10_IS3_IS407	8	94.61	100	242454	241249
Kp_4982	ISEcl10_IS3_IS407	4	94.61	100	382826	381621
Kp_4981	ISEcl10_IS3_IS407	4	94.61	100	32506	33711
NK_H13_002	ISEcl10_IS3_IS407	NODE_22_length_63766_cov_10.876302	94.61	100	1114	2319
ERR4139181	ISEcl10_IS3_IS407	1	94.61	100	67688	68893
NK_H15_005	ISEcl10_IS3_IS407	NODE_1_length_754463_cov_22.554795	94.61	100	687735	686530
5224	ISEcl10_IS3_IS407	4	94.61	100	32506	33711
ERR4139190	ISEcl10_IS3_IS407	3	94.61	100	32539	33744
ERR3480649	ISEcl10_IS3_IS407	1	94.61	100	32539	33744
ERR3480661	ISEcl10_IS3_IS407	1	94.61	100	719355	718150
5186	ISEcl10_IS3_IS407	3	94.61	100	382888	381683
ERR3844642	ISEcl10_IS3_IS407	5	94.61	100	25765	26970
807011-18	ISEcl10_IS3_IS407	11	94.61	100	1178	2383
BMP032	ISEcl10_IS3_IS407	1	94.61	100	699146	697941
G18000167	ISEcl10_IS3_IS407	4	94.61	100	433189	431984
ERR3480650	ISEcl10_IS3_IS407	1	94.61	100	32539	33744
BMP905	ISEcl10_IS3_IS407	1	94.61	100	699137	697932
ERR3479958	ISEcl10_IS3_IS407	4	94.61	100	32539	33744
INF280	ISKpn54_IS3_IS407	4	94.59	100.7431874	27213	28432
ERR3904706	ISEcl10_IS3_IS407	3	94.53	100	407575	406370
ERR3480158	ISEcl10_IS3_IS407	2	94.53	100	703969	702764
ERR3469809	ISEcl10_IS3_IS407	5	94.37	100	66285	67491
2018-01-3408	ISEcl10_IS3_IS407	3	94.37	100	31511	32717
2019.TE.22689.1.2	ISEcl10_IS3_IS407	8	94.37	100	207124	205918
SB5622	ISEcl10_IS3_IS407	3	94.37	100	31334	32540
ERR3932062	ISEcl10_IS3_IS407	4	94.37	100	395542	394336
KP_NORM_BLD_116338	ISEcl10_IS3_IS407	NODE_15_length_115741_cov_9.570926	94.37	100	2149	3355
KP_NORM_URN_113363	ISEcl10_IS3_IS407	3	94.37	100	17677	18883
KGVET-2020-01-403-1	ISEcl10_IS3_IS407	5	94.37	100	31511	32717
ERR3469777	ISEcl10_IS3_IS407	4	94.37	100	395938	394732
KSB1_8I	ISEcl10_IS3_IS407	2	94.37	100	39815	41021
ERR3449438	ISEcl10_IS3_IS407	4	94.37	100	31469	32675
KSB1_1F	ISEcl10_IS3_IS407	5	94.37	100	395740	394534
ERR3967827	ISEcl10_IS3_IS407	2	94.28	100	711957	710751
KGVET-2020-01-2412-1	ISEcl10_IS3_IS407	2	94.28	100	395727	394521
SAMN07525376	ISEcl10_IS3_IS407	8	94.03	100	216715	215509
2018-01-3926	ISEcl10_IS3_IS407	3	94.03	100	394435	393229
2018-01-3929	ISEcl10_IS3_IS407	3	94.03	100	31728	32934
MVK-06F153	ISEcl10_IS3_IS407	11	94.03	100	192688	191482
KSB2_8A	ISEcl10_IS3_IS407	4	94.03	100	31721	32927
NK_H29_002	ISEcl10_IS3_IS407	NODE_3_length_476900_cov_25.814490	94.03	100	444948	443742
NK_H17_040	ISEcl10_IS3_IS407	NODE_4_length_509169_cov_26.801329	94.03	100	32504	33710
2018-01-4639	ISEcl10_IS3_IS407	3	94.03	100	31728	32934
NK_H22_020	ISEcl10_IS3_IS407	NODE_4_length_430726_cov_34.914809	94.03	100	398793	397587
ERR3480354	ISEcl10_IS3_IS407	16	94.03	100	122140	120934
KP_NORM_URN_110056	ISEcl10_IS3_IS407	2	94.03	100	31721	32927
KGVET-2020-01-1135	ISEcl10_IS3_IS407	3	94.03	100	31728	32934
INF030	ISEcl10_IS3_IS407	15	94.03	100	127094	125888
2018-01-1445	ISEcl10_IS3_IS407	4	94.03	100	31724	32930
ERR3449427	ISEcl10_IS3_IS407	3	94.03	100	31721	32927
NK_H22_068	ISEcl10_IS3_IS407	NODE_3_length_783901_cov_25.957559	94.03	100	751949	750743
2019.TE.22689.1.28	ISEcl10_IS3_IS407	3	94.03	100	398418	397212
ERR3932224	ISEcl10_IS3_IS407	4	93.95	100	397259	396053
HE142	ISEcl10_IS3_IS407	18	93.95	100	59475	58269
HE143	ISEcl10_IS3_IS407	16	93.95	100	29019	30225
HE144	ISEcl10_IS3_IS407	18	93.95	100	59475	58269
ERR3931812	ISEcl10_IS3_IS407	3	93.87	100	410613	411819
ERR3480070	ISEcl10_IS3_IS407	3	93.87	100	34167	32961
KPN2190	ISEcl10_IS3_IS407	4	93.87	100	348624	349830
ERR3480073	ISEcl10_IS3_IS407	3	93.87	100	410735	411941
KPN2186	ISEcl10_IS3_IS407	19	93.87	100	62442	63648
2018-01-4108	ISEcl10_IS3_IS407	4	93.87	100	434277	435483
ERR3844625	ISEcl10_IS3_IS407	3	93.87	100	410613	411819
ERR3480621	ISEcl10_IS3_IS407	3	93.87	100	410613	411819
ERR3480630	ISEcl10_IS3_IS407	3	93.87	100	34167	32961
ERR3480551	ISEcl10_IS3_IS407	4	93.87	100	34163	32957
ERR3480601	ISEcl10_IS3_IS407	3	93.87	100	34167	32961
ERR3480626	ISEcl10_IS3_IS407	3	93.87	100	410613	411819
KGMAR-2016-319	ISEcl10_IS3_IS407	NODE_5_length_280776_cov_25.679917	93.87	100	34293	33087
717236-18	ISEcl10_IS3_IS407	3	93.87	100	4752	3546
ERR3480090	ISEcl10_IS3_IS407	3	93.87	100	410613	411819
KPN1802	ISEhe3_IS3_IS51	5	93.82	100.081367	352658	351430
ERR3480225	ISEhe3_IS3_IS51	4	93.82	100.081367	405374	404146
ERR3449442	ISEcl10_IS3_IS407	3	93.79	100	391584	392790
ERR3449500	ISEcl10_IS3_IS407	4	93.79	100	395574	396780
ERR3449432	ISEcl10_IS3_IS407	3	93.79	100	391584	392790
KPN551	ISEcl10_IS3_IS407	6	93.79	100	4656	3450
ERR3449355	ISEcl10_IS3_IS407	4	93.79	100	34135	32929
ERR3449392	ISEcl10_IS3_IS407	5	93.79	100	395574	396780
ERR3449459	ISEcl10_IS3_IS407	3	93.79	100	34136	32930
KV_44	ISEcl10_IS3_IS407	4	93.79	100	34185	32979
INF264	ISEcl10_IS3_IS407	3	93.79	100	395256	396462
KPN2004	ISEcl10_IS3_IS407	3	93.79	100	391626	392832
KPN058_baker	ISEcl10_IS3_IS407	5	93.79	100	432703	433909
ERR3844723	ISEcl10_IS3_IS407	3	93.79	100	34136	32930
BMP797	ISEcl10_IS3_IS407	7	93.79	100	222364	223570
BMP795	ISEcl10_IS3_IS407	8	93.79	100	34136	32930
2019.TE.17588.1.9	ISEcl10_IS3_IS407	6	93.79	100	189466	190672
NK_H25_011	ISEcl10_IS3_IS407	NODE_4_length_430387_cov_27.979264	93.79	100	34492	33286
KGVETS-2019-01-2929	ISEcl10_IS3_IS407	2	93.79	100	659498	660704
ERR3479987	ISEcl10_IS3_IS407	4	93.79	100	8842	7636
ERR3480010	ISEcl10_IS3_IS407	4	93.79	100	349360	350566
ERR3967840	ISEcl10_IS3_IS407	4	93.79	100	395574	396780
ERR3480011	ISEcl10_IS3_IS407	5	93.79	100	34141	32935
ERR3469810	ISEcl10_IS3_IS407	5	93.79	100	34135	32929
NK_H5_029	ISEcl10_IS3_IS407	NODE_32_length_54409_cov_17.337663	93.79	100	15206	14000
ERR4139188	ISEcl10_IS3_IS407	4	93.79	100	395574	396780
G20251181	ISEcl10_IS3_IS407	3	93.79	100	391139	392345
601529-13	ISEcl10_IS3_IS407	10	93.79	100	34136	32930
ERR4661741	ISEcl10_IS3_IS407	4	93.79	100	312332	313538
KP_NORM_BLD_116554	ISEcl10_IS3_IS407	NODE_2_length_384358_cov_13.693853	93.79	100	348914	350120
KP_NORM_BLD_114390	ISEcl10_IS3_IS407	NODE_13_length_92652_cov_4.995050	93.79	100	20535	19329
ERR486354	ISEcl10_IS3_IS407	17	93.7	100	34178	32972
ERR486506	ISEcl10_IS3_IS407	17	93.7	100	62459	63665
ERR486290	ISEcl10_IS3_IS407	18	93.7	100	34179	32973
G20251259	ISEcl10_IS3_IS407	33	93.7	100	34136	32930
ERR486283	ISEcl10_IS3_IS407	25	93.7	100	62755	63961
ERR486749	ISEcl10_IS3_IS407	23	93.7	100	62761	63967
SRR5385483	ISEcl10_IS3_IS407	16	93.7	100	102088	103294
ERR3440359	ISEcl10_IS3_IS407	2	93.7	100	46164	44958
KGMAR-2016-564	ISEcl10_IS3_IS407	NODE_1_length_405510_cov_29.676383	93.7	100	391492	392698
KGMAR-2016-563	ISEcl10_IS3_IS407	NODE_2_length_405510_cov_27.180834	93.7	100	14019	12813
ERR3931918	ISSen4_IS3_IS407	5	93.29	100.0819001	381370	380149
NN-BB170-I	ISEcl10_IS3_IS407	15	93.04	100	75613	76806
C0323	ISEcl10_IS3_IS407	4	92.96	100	406761	407954
KPN1014	ISEcl10_IS3_IS407	4	92.96	100	34143	32950
NHP293	ISEcl10_IS3_IS407	3	92.96	100	393199	394392
G20252233	ISEcl10_IS3_IS407	3	92.96	100	406600	407793
KPEH645	ISEcl10_IS3_IS407	3	92.96	100	393198	394391
KPN1018	ISEcl10_IS3_IS407	4	92.96	100	325953	327146
G20252184	ISEcl10_IS3_IS407	3	92.96	100	34153	32960
ERR3479979	ISEcl10_IS3_IS407	5	92.96	100	313845	315038
ERR3844749	ISEcl10_IS3_IS407	4	92.96	100	392827	394020
ERR4022921	ISEcl10_IS3_IS407	4	92.96	100	393198	394391
ERR4022918	ISEcl10_IS3_IS407	4	92.96	100	393198	394391
KPN1067	ISEcl10_IS3_IS407	4	92.96	100	325953	327146
ERR3479976	ISEcl10_IS3_IS407	4	92.96	100	313845	315038
G18000397	ISEcl10_IS3_IS407	3	92.96	100	393199	394392
KPN1288	ISEcl10_IS3_IS407	4	92.96	100	325977	327170
ERR3440364	ISEcl10_IS3_IS407	4	92.96	100	34153	32960
ERR3440367	ISEcl10_IS3_IS407	7	92.96	100	313846	315039
KPN130	ISEcl10_IS3_IS407	5	92.96	100	326714	327907
G18000419	ISEcl10_IS3_IS407	3	92.96	100	393199	394392
KPN1745	ISEcl10_IS3_IS407	6	92.96	100	34153	32960
HE004	ISEcl10_IS3_IS407	18	92.96	100	62440	63633
ERR3479980	ISEcl10_IS3_IS407	4	92.96	100	313845	315038
90CM2	ISEcl10_IS3_IS407	3	92.96	100	393200	394393
ERR3479978	ISEcl10_IS3_IS407	4	92.96	100	313845	315038
HE050	ISEcl10_IS3_IS407	17	92.96	100	34122	32929
800187-17	ISEcl10_IS3_IS407	8	92.96	100	312868	314061
NK_H14_047	ISEcl10_IS3_IS407	NODE_9_length_267186_cov_34.407955	92.96	100	232938	234131
HE030	ISEcl10_IS3_IS407	19	92.96	100	62441	63634
KP53-20	ISEcl10_IS3_IS407	2	92.96	100	393090	394283
HE028	ISEcl10_IS3_IS407	16	92.96	100	34153	32960
HE026	ISEcl10_IS3_IS407	19	92.96	100	62441	63634
NK_H12_019	ISEcl10_IS3_IS407	NODE_4_length_426673_cov_22.005913	92.96	100	391775	392968
ERR3479984	ISEcl10_IS3_IS407	4	92.96	100	34153	32960
HE024	ISEcl10_IS3_IS407	3	92.96	100	34153	32960
ERR486775	ISEcl10_IS3_IS407	13	92.96	100	62797	63990
HE022	ISEcl10_IS3_IS407	18	92.96	100	62441	63634
G18584175	ISEcl10_IS3_IS407	5	92.96	100	393200	394393
HE021	ISEcl10_IS3_IS407	22	92.96	100	33976	32783
ERR497024	ISEcl10_IS3_IS407	13	92.96	100	62484	63677
HE011	ISEcl10_IS3_IS407	19	92.96	100	34153	32960
ERR3844692	ISEcl10_IS3_IS407	3	92.96	100	393199	394392
HE009	ISEcl10_IS3_IS407	19	92.96	100	34153	32960
ERR3844694	ISEcl10_IS3_IS407	3	92.96	100	34153	32960
ERR3479983	ISEcl10_IS3_IS407	4	92.96	100	393199	394392
Kp5511	ISEcl10_IS3_IS407	3	92.96	100	393283	394476
ERR3479905	ISEcl10_IS3_IS407	5	92.96	100	34153	32960
ESS-BB0547a-I1	ISEcl10_IS3_IS407	5	92.96	100	34090	32897
ERR3479910	ISEcl10_IS3_IS407	4	92.96	100	393199	394392
KPN1879	ISEcl10_IS3_IS407	3	92.96	100	393199	394392
ERR3479904	ISEcl10_IS3_IS407	4	92.96	100	313845	315038
G18584055	ISEcl10_IS3_IS407	4	92.96	100	393200	394393
KP_NORM_URN_106847	ISEcl10_IS3_IS407	4	92.96	100	34153	32960
ERR3449522	ISEcl10_IS3_IS407	15	92.96	100	34153	32960
ERR3449000	ISEcl10_IS3_IS407	4	92.96	100	372048	373241
ERR3449517	ISEcl10_IS3_IS407	3	92.96	100	10210	9017
KPN2202	ISEcl10_IS3_IS407	3	92.96	100	34153	32960
ERR3449043	ISEcl10_IS3_IS407	3	92.96	100	34153	32960
ERR3449138	ISEcl10_IS3_IS407	6	92.96	100	393209	394402
KPN2247	ISEcl10_IS3_IS407	5	92.96	100	34153	32960
ERR3449429	ISEcl10_IS3_IS407	4	92.96	100	356705	357898
G20250222	ISEcl10_IS3_IS407	3	92.96	100	34153	32960
G18584056	ISEcl10_IS3_IS407	4	92.96	100	45279	44086
KSB1_9J	ISEcl10_IS3_IS407	5	92.96	100	45537	44344
KPN246	ISEcl10_IS3_IS407	4	92.96	100	34153	32960
G20250104	ISEcl10_IS3_IS407	3	92.96	100	34154	32961
G20250103	ISEcl10_IS3_IS407	3	92.96	100	393313	394506
ERR3449225	ISEcl10_IS3_IS407	4	92.96	100	34153	32960
120PM2	ISEcl10_IS3_IS407	3	92.96	100	406488	407681
G18600047	ISEcl10_IS3_IS407	3	92.96	100	394265	395458
G18584139	ISEcl10_IS3_IS407	5	92.96	100	45279	44086
G18600045	ISEcl10_IS3_IS407	3	92.96	100	393199	394392
G18584143	ISEcl10_IS3_IS407	5	92.96	100	393200	394393
G18584177	ISEcl10_IS3_IS407	5	92.96	100	393200	394393
KPN2130	ISEcl10_IS3_IS407	5	92.96	100	4649	3456
ERR3967766	ISEcl10_IS3_IS407	3	92.96	100	393199	394392
KPN2064	ISEcl10_IS3_IS407	4	92.96	100	398608	399801
KP_NORM_URN_109622	ISEcl10_IS3_IS407	2	92.96	100	34153	32960
KPN1877	ISEcl10_IS3_IS407	22	92.96	100	34153	32960
ERR3440427	ISEcl10_IS3_IS407	4	92.96	100	356899	358092
ERR4374797	ISEcl10_IS3_IS407	4	92.96	100	356899	358092
ERR3448864	ISEcl10_IS3_IS407	4	92.96	100	356899	358092
ERR3448866	ISEcl10_IS3_IS407	4	92.96	100	356899	358092
ERR3469840	ISEcl10_IS3_IS407	4	92.96	100	406762	407955
ERR3469838	ISEcl10_IS3_IS407	4	92.96	100	356705	357898
ERR3448880	ISEcl10_IS3_IS407	3	92.96	100	34153	32960
G18000742	ISEcl10_IS3_IS407	6	92.96	100	313893	315086
ERR3448909	ISEcl10_IS3_IS407	4	92.96	100	34153	32960
ERR3448910	ISEcl10_IS3_IS407	4	92.96	100	34153	32960
ERR3904642	ISEcl10_IS3_IS407	9	92.96	100	62472	63665
ERR3448920	ISEcl10_IS3_IS407	4	92.96	100	356899	358092
ERR3448922	ISEcl10_IS3_IS407	3	92.96	100	34153	32960
ERR3967813	ISEcl10_IS3_IS407	4	92.96	100	34153	32960
ERR3469780	ISEcl10_IS3_IS407	8	92.96	100	202432	203625
KP_NORM_URN_2013_95870	ISEcl10_IS3_IS407	3	92.96	100	393199	394392
KPN2015	ISEcl10_IS3_IS407	4	92.96	100	393199	394392
ERR3448951	ISEcl10_IS3_IS407	4	92.96	100	34153	32960
ERR3967781	ISEcl10_IS3_IS407	4	92.96	100	393199	394392
ERR3449569	ISEcl10_IS3_IS407	3	92.96	100	393067	394260
ERR486431	ISEcl10_IS3_IS407	12	92.96	100	34164	32971
ERR486788	ISEcl10_IS3_IS407	3	92.96	100	34165	32972
HE051	ISEcl10_IS3_IS407	17	92.96	100	34153	32960
Kp2162	ISEcl10_IS3_IS407	4	92.96	100	393196	394389
ERR486427	ISEcl10_IS3_IS407	18	92.96	100	62484	63677
ERR474489	ISEcl10_IS3_IS407	12	92.96	100	34162	32969
ERR474508	ISEcl10_IS3_IS407	12	92.96	100	34163	32970
INF045	ISEcl10_IS3_IS407	2	92.96	100	34153	32960
ERR4635235	ISEcl10_IS3_IS407	3	92.96	100	393198	394391
Kp1924	ISEcl10_IS3_IS407	4	92.96	100	34150	32957
Kp1945	ISEcl10_IS3_IS407	4	92.96	100	393196	394389
ERR4635227	ISEcl10_IS3_IS407	4	92.96	100	393198	394391
ERR486343	ISEcl10_IS3_IS407	3	92.96	100	68163	66970
Kp2200	ISEcl10_IS3_IS407	4	92.96	100	34153	32960
Kp2568	ISEcl10_IS3_IS407	4	92.96	100	34153	32960
Kp2587	ISEcl10_IS3_IS407	4	92.96	100	34153	32960
Kp2605	ISEcl10_IS3_IS407	4	92.96	100	393196	394389
ERR4782246	ISEcl10_IS3_IS407	3	92.96	100	393182	394375
Kp2606	ISEcl10_IS3_IS407	4	92.96	100	393196	394389
Kp2651	ISEcl10_IS3_IS407	5	92.96	100	34153	32960
NK_H3_007	ISEcl10_IS3_IS407	NODE_3_length_428128_cov_14.688592	92.96	100	34249	33056
NK_H3_023	ISEcl10_IS3_IS407	NODE_17_length_96725_cov_16.334875	92.96	100	62527	63720
INF119	ISEcl10_IS3_IS407	4	92.96	100	393262	394455
ERR3480359	ISEcl10_IS3_IS407	4	92.96	100	313845	315038
KGMAR-2016-1241	ISEcl10_IS3_IS407	NODE_5_length_391111_cov_23.062292	92.96	100	356832	358025
SRR5385473	ISEcl10_IS3_IS407	22	92.96	100	38131	39324
ERR3480431	ISEcl10_IS3_IS407	4	92.96	100	34153	32960
SRR18486060	ISEcl10_IS3_IS407	4	92.96	100	393196	394389
INF300	ISEcl10_IS3_IS407	4	92.96	100	393199	394392
SAMN04158309	ISEcl10_IS3_IS407	NODE_3_length_428158_cov_27.233483	92.96	100	393879	395072
ERR4661747	ISEcl10_IS3_IS407	6	92.96	100	34153	32960
SAMN04158306	ISEcl10_IS3_IS407	NODE_4_length_428156_cov_32.719119	92.96	100	34280	33087
KGMAR-2016-637	ISEcl10_IS3_IS407	NODE_11_length_165738_cov_10.802380	92.96	100	131396	132589
KGVET-2019-01-2018	ISEcl10_IS3_IS407	3	92.96	100	356705	357898
ERR474479	ISEcl10_IS3_IS407	17	92.96	100	30233	29040
INF224	ISEcl10_IS3_IS407	4	92.96	100	41969	40776
INF188	ISEcl10_IS3_IS407	chromosome	92.96	100	1162315	1163508
ERR3480368	ISEcl10_IS3_IS407	5	92.96	100	34153	32960
NK_H4_029	ISEcl10_IS3_IS407	NODE_4_length_427606_cov_30.007806	92.96	100	393327	394520
ERR4635149	ISEcl10_IS3_IS407	4	92.96	100	393195	394388
ERR3480555	ISEcl10_IS3_IS407	4	92.96	100	34153	32960
KPN752	ISEcl10_IS3_IS407	4	92.96	100	325953	327146
Kp_3_HUC	ISEcl10_IS3_IS407	4	92.96	100	393283	394476
ERR486405	ISEcl10_IS3_IS407	12	92.96	100	62484	63677
ERR3480067	ISEcl10_IS3_IS407	5	92.96	100	313845	315038
ERR486403	ISEcl10_IS3_IS407	13	92.96	100	62483	63676
ERR486399	ISEcl10_IS3_IS407	15	92.96	100	62796	63989
HE057	ISEcl10_IS3_IS407	16	92.96	100	34153	32960
ERR3480065	ISEcl10_IS3_IS407	4	92.96	100	393199	394392
HE083	ISEcl10_IS3_IS407	18	92.96	100	62441	63634
HE052	ISEcl10_IS3_IS407	3	92.96	100	34153	32960
HE108	ISEcl10_IS3_IS407	15	92.96	100	62440	63633
ERR486424	ISEcl10_IS3_IS407	17	92.96	100	34165	32972
ERR3480064	ISEcl10_IS3_IS407	4	92.96	100	313845	315038
KGVET-2020-01-2993	ISEcl10_IS3_IS407	4	92.87	100	34153	32960
2018-01-3295	ISEcl10_IS3_IS407	4	92.87	100	393200	394393
KGVET-2020-01-1941	ISEcl10_IS3_IS407	4	92.87	100	34153	32960
BC-BB1138-I	ISEcl10_IS3_IS407	2	92.87	100	34153	32960
602822-14	ISEcl10_IS3_IS407	5	92.87	100	393199	394392
KGVET-2020-01-2003-1	ISEcl10_IS3_IS407	4	92.87	100	34153	32960
KGVET-2020-01-155	ISEcl10_IS3_IS407	4	92.87	100	34153	32960
NK_H14_001	ISEcl10_IS3_IS407	NODE_3_length_416321_cov_10.293491	92.87	100	11280	10087
KGVET-2020-01-2989-3	ISEcl10_IS3_IS407	4	92.87	100	393199	394392
2018-01-2699	ISEcl10_IS3_IS407	4	92.87	100	393200	394393
ERR3449278	ISEcl10_IS3_IS407	3	92.87	100	393199	394392
802922-18	ISEcl10_IS3_IS407	3	92.79	100	34121	32929
G18000694	ISEcl10_IS3_IS407	7	92.79	100	34153	32960
SAMN07525442	ISEcl10_IS3_IS407	2	92.79	100	34153	32960
KPN055_baker	ISEcl10_IS3_IS407	5	92.79	100	34153	32960
C0106	ISEcl10_IS3_IS407	3	92.79	100	44312	43119
ERR4635139	ISEcl10_IS3_IS407	11	92.79	100	121647	122840
PP-BB6222-I	ISRaq1_IS3_IS407	4	91.25	100.1638002	2	1222
KPN030_baker	ISSen4_IS3_IS407	10	90.34	100.0819001	169193	167972
ERR3904581	ISSen4_IS3_IS407	4	89.69	100.0819001	33865	35086
NK_H12_087	ISSen4_IS3_IS407	NODE_1_length_492654_cov_17.741649	89.69	100.0819001	64159	65380
SRR18486026	ISSen4_IS3_IS407	5	89.69	100.0819001	33728	34949
KP_NORM_URN_109239	ISSen4_IS3_IS407	3	89.69	100.0819001	33728	34949
ERR3931846	ISSen4_IS3_IS407	5	89.69	100.0819001	408390	407169
ERR486298	ISSen4_IS3_IS407	10	89.69	100.0819001	86325	85104
KP_NORM_BLD_114045	ISSen4_IS3_IS407	NODE_3_length_326384_cov_12.306314	89.69	100.0819001	262234	261013
KP_NORM_URN_107593	ISSen4_IS3_IS407	4	89.69	100.0819001	427795	426574
NK_H14_044	ISRaq1_IS3_IS407	NODE_2_length_435912_cov_20.946279	89.61	100.0819001	429217	427998
ERR3480641	ISRaq1_IS3_IS407	4	89.61	100.0819001	422599	421380
KGVET-2020-01-4327	ISRaq1_IS3_IS407	2	89.61	100.0819001	428551	427332
KGVETS-2019-01-156	ISRaq1_IS3_IS407	3	89.61	100.0819001	407439	406220
NHP2523	ISRaq1_IS3_IS407	2	89.61	100.0819001	428603	427384
SB5505	ISRaq1_IS3_IS407	8	89.61	100.0819001	283288	282069
NK_H2_003	ISRaq1_IS3_IS407	NODE_64_length_24354_cov_21.595493	89.61	100.0819001	952	2171
NK_H1_049	ISRaq1_IS3_IS407	NODE_4_length_193035_cov_19.283887	89.61	100.0819001	161246	160027
KGVETS-2019-01-2904	ISRaq1_IS3_IS407	2	89.61	100.0819001	429090	427871
ERR3967871	ISRaq1_IS3_IS407	3	89.61	100.0819001	428979	427760
KPN1858	ISErsp1_IS481_unknown	6	88.09	100	355381	356581
BMP617	ISEhe3_IS3_IS51	7	87.4	100.081367	1627	399
ERR3967792	ISEhe3_IS3_IS51	5	87.4	100.081367	43827	42599
NK_H25_009	ISEhe3_IS3_IS51	NODE_3_length_370890_cov_37.351365	87.4	100.081367	326821	328049
2018-01-3776	ISEhe3_IS3_IS51	4	87.4	100.081367	15633	14405
158CM1	ISEhe3_IS3_IS51	5	87.4	100.081367	344901	346129
2018-01-873	ISEhe3_IS3_IS51	3	87.4	100.081367	15633	14405
NK_H1_062	ISEhe3_IS3_IS51	NODE_15_length_120483_cov_17.080644	87.4	100.081367	19650	20878
C0466	ISEhe3_IS3_IS51	2	87.4	100.081367	43827	42599
ERR4635375	ISEhe3_IS3_IS51	10	87.33	100.1627339	41698	40471
KGMAR-2019-2233	ISEhe3_IS3_IS51	NODE_2_length_757418_cov_25.885011	87.33	100.1627339	25122	23895
ERR4635372	ISEhe3_IS3_IS51	9	87.33	100.1627339	151836	153063
NK_H11_014	ISEhe3_IS3_IS51	NODE_2_length_735104_cov_25.583361	87.33	100.1627339	41788	40561
NK_H4_032	ISEhe3_IS3_IS51	NODE_2_length_370786_cov_18.990123	87.33	100.1627339	326602	327831
ERR4635381	ISEhe3_IS3_IS51	10	87.33	100.1627339	41698	40471
ERR4635384	ISEhe3_IS3_IS51	14	87.33	100.1627339	41599	40372
KPN2140	ISEhe3_IS3_IS51	4	87.32	100.081367	1536	308
KPN2022	ISEhe3_IS3_IS51	3	87.32	100.081367	406961	408189
NK_H20_004	ISEhe3_IS3_IS51	NODE_3_length_513767_cov_37.768474	87.32	100.081367	394772	396000
KP_NORM_URN_2014_97995	ISEhe3_IS3_IS51	1	87.32	100.081367	1876	648
KP_NORM_BLD_115323	ISEhe3_IS3_IS51	NODE_1_length_450733_cov_9.020586	87.32	100.081367	85837	84609
NK_H24_037	ISEhe3_IS3_IS51	NODE_18_length_108845_cov_50.117212	87.32	100.081367	107185	108413
SB5535	ISEhe3_IS3_IS51	2	87.32	100.081367	371718	372946
ERR3480219	ISEhe3_IS3_IS51	4	87.32	100.081367	1876	648
INF027	ISEhe3_IS3_IS51	4	87.32	100.081367	43827	42599
ERR3479965	ISEhe3_IS3_IS51	7	87.32	100.081367	1583	355
ERR486429	ISEhe3_IS3_IS51	22	87.32	100.081367	1578	350
MVK-06F119	IS1400_IS3_IS407	2	85.11	100.1657001	388739	389945
KP_NORM_BLD_115993	IS1400_IS3_IS407	NODE_38_length_46625_cov_19.958987	85.03	100.1657001	21152	22358
NK_H21_014	IS1400_IS3_IS407	NODE_74_length_12940_cov_16.425427	85.03	100.1657001	10821	12027
2021.TE.133038.1.10	IS1400_IS3_IS407	37	84.33	98.84009942	20549	19358
SRR19090209	IS1400_IS3_IS407	3	84.24	98.84009942	31801	32992
NK_H4_030	IS1400_IS3_IS407	NODE_4_length_357396_cov_30.481209	84.24	98.84009942	325338	324147
ERR3480580	IS1400_IS3_IS407	3	84.24	98.84009942	705870	707061
NK_H19_022	IS1400_IS3_IS407	NODE_30_length_67293_cov_14.796968	84.16	98.84009942	9314	8123
KV_13	IS1400_IS3_IS407	29	84.16	98.84009942	57932	59123
18090_3_27	IS1400_IS3_IS407	3	83.72	98.75724938	37806	36617
KPN2072	IS1400_IS3_IS407	2	83.72	98.75724938	388874	390063
NK_H13_008	IS1400_IS3_IS407	NODE_4_length_393867_cov_28.451531	83.72	98.75724938	388994	390183
KP_NORM_BLD_112590	IS1400_IS3_IS407	NODE_3_length_348949_cov_14.205128	83.72	98.75724938	310367	311556
NK_H15_061	IS1400_IS3_IS407	NODE_36_length_58280_cov_21.712586	83.72	98.75724938	29260	28071
KP_NORM_BLD_112922	IS1400_IS3_IS407	NODE_2_length_380601_cov_6.286800	83.72	98.75724938	38163	36974
KGMAR-2019-1903	IS1400_IS3_IS407	NODE_4_length_347840_cov_19.718581	83.72	98.75724938	309877	311066
KGMAR-2020-428	IS1400_IS3_IS407	NODE_4_length_347808_cov_36.194914	83.72	98.75724938	309876	311065
KP_NORM_BLD_117503	IS1400_IS3_IS407	NODE_4_length_347749_cov_12.446718	83.72	98.75724938	309817	311006
KGMAR-2020-603	IS1400_IS3_IS407	NODE_4_length_347808_cov_49.705169	83.72	98.75724938	37933	36744
KGMAR-2020-717	IS1400_IS3_IS407	NODE_4_length_347809_cov_53.249331	83.72	98.75724938	37933	36744
KPN2029	IS1400_IS3_IS407	19	83.72	98.75724938	37806	36617
INF160	IS1400_IS3_IS407	2	83.72	98.75724938	421450	422639
KGMAR-2019-1791	IS1400_IS3_IS407	NODE_3_length_427738_cov_47.455250	83.64	98.75724938	38437	37248
MVK-06F125	ISKpn1_IS3_IS150	2	82.61	101.1072664	196740	195294