Gene,Presence/absence,N,S,I,R,NWT,R_PPV,NWT_PPV
oqxR_truncation_loss,0,5451,4987,339,126,465,2.311502477,8.530544854
oqxR_truncation_loss,1,220,175,30,14,44,6.363636364,20
norB_truncation_loss,0,5514,5021,357,137,494,2.484584694,8.95901342
norB_truncation_loss,1,157,141,12,3,15,1.910828025,9.554140127
rarA_truncation_loss,0,5095,4644,328,124,452,2.433758587,8.871442591
rarA_truncation_loss,1,576,518,41,16,57,2.777777778,9.895833333
rob_truncation_loss,0,5460,4977,353,131,484,2.399267399,8.864468864
rob_truncation_loss,1,211,185,16,9,25,4.265402844,11.84834123
oqxR_D95E,0,4617,4163,319,135,454,2.923976608,9.833225038
oqxR_D95E,1,1054,999,50,5,55,0.474383302,5.218216319
oqxR_V113I,0,4765,4301,327,137,464,2.875131165,9.737670514
oqxR_V113I,1,906,861,42,3,45,0.331125828,4.966887417
extra_oqxA_copy,0,4042,3630,315,97,412,2.399802078,10.19297378
extra_oqxA_copy,1,1256,1210,23,23,46,1.831210191,3.662420382
extra_oqxB_copy,0,3456,3045,319,92,411,2.662037037,11.89236111
extra_oqxB_copy,1,1908,1856,24,28,52,1.467505241,2.725366876
oqxA_loss,0,4042,3630,315,97,412,2.399802078,10.19297378
oqxA_loss,1,373,322,31,20,51,5.361930295,13.67292225
oqxB_loss,0,3456,3045,319,92,411,2.662037037,11.89236111
oqxB_loss,1,307,261,26,20,46,6.51465798,14.98371336