Prediction,Category,Category Name,Sensitivity,Specificity,Categorical agreement,ME,VME,N,Resistant
R,ST,0,-,100,100,0,-,1,0
R,ST,ST1,100,100,100,0,0,16,75
R,ST,ST10,-,100,100,0,-,31,0
R,ST,ST10-1LV,100,100,100,0,0,2,50
R,ST,ST101,100,84.21052631578947,96.5909090909091,15.789473684210526,0,88,78.4090909090909
R,ST,ST101-1LV,100,33.33333333333333,77.77777777777779,66.66666666666666,0,9,66.66666666666666
R,ST,ST1010,-,100,100,0,-,1,0
R,ST,ST1012,-,100,100,0,-,2,0
R,ST,ST1013,-,100,100,0,-,1,0
R,ST,ST1015,-,100,100,0,-,1,0
R,ST,ST1017,100,100,100,0,0,11,36.36363636363637
R,ST,ST1022-2LV,-,100,100,0,-,2,0
R,ST,ST1023,-,100,100,0,-,3,0
R,ST,ST1024-2LV,-,100,100,0,-,1,0
R,ST,ST1026,-,100,100,0,-,1,0
R,ST,ST1026-1LV,-,100,100,0,-,2,0
R,ST,ST1032-3LV,-,0,0,100,-,1,0
R,ST,ST1035,-,75,75,25,-,4,0
R,ST,ST1037,0,100,33.33333333333333,0,100,3,66.66666666666666
R,ST,ST104,-,100,100,0,-,11,0
R,ST,ST1040,-,100,100,0,-,1,0
R,ST,ST1043-1LV,-,100,100,0,-,1,0
R,ST,ST1049,-,100,100,0,-,2,0
R,ST,ST105,100,100,100,0,0,18,11.11111111111111
R,ST,ST105-1LV,-,100,100,0,-,1,0
R,ST,ST105-2LV,100,0,100,100,0,1,100
R,ST,ST1050,-,100,100,0,-,2,0
R,ST,ST1050-1LV,-,100,100,0,-,1,0
R,ST,ST1059,-,100,100,0,-,1,0
R,ST,ST106-1LV,100,100,100,0,0,3,33.33333333333333
R,ST,ST107,100,97.5,97.5609756097561,2.5,0,82,2.4390243902439024
R,ST,ST1077-2LV,-,100,100,0,-,1,0
R,ST,ST1079,0,100,87.5,0,100,8,12.5
R,ST,ST1083,-,100,100,0,-,3,0
R,ST,ST1086,-,100,100,0,-,1,0
R,ST,ST1087,-,100,100,0,-,1,0
R,ST,ST1090,-,100,100,0,-,1,0
R,ST,ST11,100,75,99.6268656716418,25,0,268,98.50746268656717
R,ST,ST11-1LV,100,0,100,100,0,1,100
R,ST,ST110,100,100,100,0,0,8,12.5
R,ST,ST1102,-,100,100,0,-,5,0
R,ST,ST1105,-,100,100,0,-,1,0
R,ST,ST1106,0,100,88.88888888888889,0,100,9,11.11111111111111
R,ST,ST1107,100,100,100,0,0,3,33.33333333333333
R,ST,ST1109,100,100,100,0,0,4,25
R,ST,ST111,84.21052631578947,97.5609756097561,93.33333333333333,2.4390243902439024,15.789473684210526,60,31.666666666666664
R,ST,ST1114,100,100,100,0,0,16,6.25
R,ST,ST1114-1LV,-,100,100,0,-,1,0
R,ST,ST1117,-,100,100,0,-,2,0
R,ST,ST1118-3LV,-,100,100,0,-,1,0
R,ST,ST1119,-,100,100,0,-,2,0
R,ST,ST1128,100,0,100,100,0,1,100
R,ST,ST113,-,100,100,0,-,11,0
R,ST,ST1132-1LV,-,100,100,0,-,1,0
R,ST,ST1135-1LV,0,100,0,0,100,1,100
R,ST,ST1138,50,100,75,0,50,4,50
R,ST,ST1138-1LV,-,100,100,0,-,3,0
R,ST,ST1142,-,100,100,0,-,1,0
R,ST,ST1144,-,100,100,0,-,1,0
R,ST,ST1145,-,100,100,0,-,1,0
R,ST,ST1148,-,100,100,0,-,1,0
R,ST,ST1150-1LV,-,100,100,0,-,1,0
R,ST,ST116,-,100,100,0,-,8,0
R,ST,ST1164,-,100,100,0,-,4,0
R,ST,ST1165,-,100,100,0,-,2,0
R,ST,ST1166,-,100,100,0,-,1,0
R,ST,ST1170-1LV,-,100,100,0,-,1,0
R,ST,ST1172-1LV,100,0,100,100,0,1,100
R,ST,ST1174,-,100,100,0,-,2,0
R,ST,ST1175,-,100,100,0,-,1,0
R,ST,ST1179-1LV,-,100,100,0,-,1,0
R,ST,ST1180,0,100,75,0,100,4,25
R,ST,ST1181,-,100,100,0,-,4,0
R,ST,ST1189,-,100,100,0,-,7,0
R,ST,ST1190,100,100,100,0,0,6,66.66666666666666
R,ST,ST1191,-,100,100,0,-,2,0
R,ST,ST1193,-,100,100,0,-,1,0
R,ST,ST1193-1LV,-,100,100,0,-,1,0
R,ST,ST1198,-,100,100,0,-,12,0
R,ST,ST12,50,87.5,83.33333333333334,12.5,50,18,11.11111111111111
R,ST,ST1203,100,100,100,0,0,3,66.66666666666666
R,ST,ST1207,-,100,100,0,-,6,0
R,ST,ST1208-1LV,-,100,100,0,-,1,0
R,ST,ST1213,100,100,100,0,0,6,33.33333333333333
R,ST,ST1214,-,100,100,0,-,1,0
R,ST,ST1214-1LV,-,100,100,0,-,1,0
R,ST,ST1217-3LV,-,100,100,0,-,1,0
R,ST,ST1219,-,100,100,0,-,1,0
R,ST,ST1224,-,100,100,0,-,3,0
R,ST,ST1224-1LV,100,0,100,100,0,1,100
R,ST,ST1226-1LV,-,100,100,0,-,1,0
R,ST,ST1228,-,100,100,0,-,4,0
R,ST,ST1229,-,100,100,0,-,4,0
R,ST,ST1229-1LV,-,100,100,0,-,1,0
R,ST,ST1230,-,100,100,0,-,1,0
R,ST,ST1236,100,0,100,100,0,1,100
R,ST,ST1239,100,0,100,100,0,2,100
R,ST,ST1241,-,100,100,0,-,6,0
R,ST,ST1243,-,100,100,0,-,2,0
R,ST,ST1244-2LV,-,100,100,0,-,1,0
R,ST,ST1246,-,100,100,0,-,3,0
R,ST,ST1247,-,100,100,0,-,1,0
R,ST,ST1248,100,100,100,0,0,4,50
R,ST,ST1250,-,100,100,0,-,5,0
R,ST,ST1254,-,100,100,0,-,1,0
R,ST,ST1255,-,100,100,0,-,1,0
R,ST,ST1263,-,50,50,50,-,2,0
R,ST,ST1265,100,100,100,0,0,3,33.33333333333333
R,ST,ST1269,-,100,100,0,-,1,0
R,ST,ST127,-,100,100,0,-,1,0
R,ST,ST1270-1LV,-,100,100,0,-,1,0
R,ST,ST1271,100,100,100,0,0,8,37.5
R,ST,ST128,-,100,100,0,-,2,0
R,ST,ST128-1LV,-,100,100,0,-,1,0
R,ST,ST129,100,100,100,0,0,3,33.33333333333333
R,ST,ST1290,-,100,100,0,-,1,0
R,ST,ST1296,100,100,100,0,0,3,66.66666666666666
R,ST,ST1296-1LV,-,100,100,0,-,1,0
R,ST,ST13,88.88888888888889,86.20689655172413,87.83783783783784,13.793103448275861,11.11111111111111,74,60.810810810810814
R,ST,ST1301,-,100,100,0,-,1,0
R,ST,ST1303,-,100,100,0,-,2,0
R,ST,ST1307,-,100,100,0,-,5,0
R,ST,ST1308,-,85.71428571428571,85.71428571428571,14.285714285714285,-,7,0
R,ST,ST1309,100,0,100,100,0,2,100
R,ST,ST1310,100,100,100,0,0,5,20
R,ST,ST1311,-,100,100,0,-,5,0
R,ST,ST1315,-,100,100,0,-,2,0
R,ST,ST1317,-,100,100,0,-,1,0
R,ST,ST1318,-,100,100,0,-,1,0
R,ST,ST1319,-,100,100,0,-,2,0
R,ST,ST132,-,100,100,0,-,4,0
R,ST,ST132-1LV,-,100,100,0,-,1,0
R,ST,ST1322,0,100,83.33333333333334,0,100,6,16.666666666666664
R,ST,ST133,25,100,88.88888888888889,0,75,27,14.814814814814813
R,ST,ST1334,-,100,100,0,-,1,0
R,ST,ST1339,-,100,100,0,-,1,0
R,ST,ST134,100,100,100,0,0,13,23.076923076923077
R,ST,ST1344-2LV,100,0,100,100,0,1,100
R,ST,ST1362,-,100,100,0,-,1,0
R,ST,ST1370-1LV,100,0,100,100,0,1,100
R,ST,ST1373,100,100,100,0,0,4,50
R,ST,ST1377-2LV,-,100,100,0,-,1,0
R,ST,ST1378,-,100,100,0,-,1,0
R,ST,ST138,100,100,100,0,0,16,6.25
R,ST,ST1380,-,100,100,0,-,6,0
R,ST,ST1381,-,100,100,0,-,3,0
R,ST,ST1382,-,100,100,0,-,1,0
R,ST,ST1393,0,100,66.66666666666666,0,100,3,33.33333333333333
R,ST,ST1396,-,100,100,0,-,1,0
R,ST,ST14,82.4074074074074,93.93939393939394,86.7816091954023,6.0606060606060606,17.59259259259259,174,62.06896551724138
R,ST,ST14-1LV,-,100,100,0,-,2,0
R,ST,ST14-2LV,100,0,100,100,0,3,100
R,ST,ST140,-,100,100,0,-,4,0
R,ST,ST1400-3LV,-,100,100,0,-,1,0
R,ST,ST1401,-,100,100,0,-,1,0
R,ST,ST1407,-,100,100,0,-,1,0
R,ST,ST1408,-,100,100,0,-,5,0
R,ST,ST1411,-,100,100,0,-,2,0
R,ST,ST1412,100,0,100,100,0,3,100
R,ST,ST1414,-,100,100,0,-,1,0
R,ST,ST1416,-,100,100,0,-,1,0
R,ST,ST1418,-,100,100,0,-,1,0
R,ST,ST1419,-,80,80,20,-,5,0
R,ST,ST1423,-,100,100,0,-,11,0
R,ST,ST1426,100,100,100,0,0,6,16.666666666666664
R,ST,ST1427,87.5,100,88.88888888888889,0,12.5,9,88.88888888888889
R,ST,ST1428,100,28.57142857142857,37.5,71.42857142857143,0,8,12.5
R,ST,ST1429,-,100,100,0,-,7,0
R,ST,ST1429-1LV,-,100,100,0,-,2,0
R,ST,ST143-2LV,-,100,100,0,-,3,0
R,ST,ST1430,-,100,100,0,-,1,0
R,ST,ST1432,-,100,100,0,-,1,0
R,ST,ST1437-2LV,-,100,100,0,-,1,0
R,ST,ST144,-,100,100,0,-,2,0
R,ST,ST1440,0,100,81.81818181818183,0,100,11,18.181818181818183
R,ST,ST1441,-,100,100,0,-,1,0
R,ST,ST1444,0,100,0,0,100,1,100
R,ST,ST1446,-,100,100,0,-,2,0
R,ST,ST1447,-,100,100,0,-,1,0
R,ST,ST1449,-,100,100,0,-,5,0
R,ST,ST145,-,100,100,0,-,1,0
R,ST,ST1453,-,100,100,0,-,1,0
R,ST,ST1454,-,100,100,0,-,3,0
R,ST,ST1456,100,100,100,0,0,11,18.181818181818183
R,ST,ST146,-,100,100,0,-,4,0
R,ST,ST146-3LV,-,100,100,0,-,1,0
R,ST,ST146-4LV,0,100,0,0,100,1,100
R,ST,ST1462-2LV,0,100,0,0,100,1,100
R,ST,ST1464,-,100,100,0,-,1,0
R,ST,ST1466,100,0,100,100,0,1,100
R,ST,ST1466-1LV,-,100,100,0,-,1,0
R,ST,ST1469,-,100,100,0,-,2,0
R,ST,ST147,100,33.33333333333333,98.9041095890411,66.66666666666666,0,365,98.35616438356163
R,ST,ST147-1LV,100,0,100,100,0,1,100
R,ST,ST1472,-,100,100,0,-,3,0
R,ST,ST1472-1LV,-,100,100,0,-,1,0
R,ST,ST1478,-,100,100,0,-,5,0
R,ST,ST148,-,100,100,0,-,1,0
R,ST,ST1480,-,100,100,0,-,1,0
R,ST,ST1484,-,100,100,0,-,1,0
R,ST,ST1485,-,100,100,0,-,6,0
R,ST,ST1486,-,100,100,0,-,4,0
R,ST,ST1493,100,0,100,100,0,1,100
R,ST,ST1496,-,100,100,0,-,7,0
R,ST,ST15,99.86979166666666,68.75,99.23469387755102,31.25,0.13020833333333331,784,97.95918367346938
R,ST,ST15-1LV,100,100,100,0,0,13,92.3076923076923
R,ST,ST150,-,100,100,0,-,3,0
R,ST,ST1500,-,100,100,0,-,2,0
R,ST,ST1505,-,100,100,0,-,1,0
R,ST,ST1507,-,100,100,0,-,1,0
R,ST,ST151,-,100,100,0,-,10,0
R,ST,ST1511,-,100,100,0,-,1,0
R,ST,ST1516,-,100,100,0,-,1,0
R,ST,ST1517,-,100,100,0,-,1,0
R,ST,ST1519,100,0,100,100,0,3,100
R,ST,ST152,96.42857142857143,100,97.2972972972973,0,3.571428571428571,37,75.67567567567568
R,ST,ST1524,-,100,100,0,-,1,0
R,ST,ST1526,-,100,100,0,-,1,0
R,ST,ST1527,-,100,100,0,-,4,0
R,ST,ST1530,-,100,100,0,-,1,0
R,ST,ST1531,-,100,100,0,-,1,0
R,ST,ST1533-1LV,-,100,100,0,-,1,0
R,ST,ST1534,-,100,100,0,-,1,0
R,ST,ST1535,-,100,100,0,-,2,0
R,ST,ST1536,-,100,100,0,-,1,0
R,ST,ST1537,100,100,100,0,0,17,29.411764705882355
R,ST,ST1540,-,100,100,0,-,3,0
R,ST,ST1542,-,100,100,0,-,1,0
R,ST,ST1545,-,100,100,0,-,3,0
R,ST,ST1547,-,100,100,0,-,1,0
R,ST,ST1548,100,100,100,0,0,5,20
R,ST,ST1550-2LV,-,100,100,0,-,1,0
R,ST,ST1556-2LV,-,100,100,0,-,1,0
R,ST,ST156,-,100,100,0,-,1,0
R,ST,ST1562,100,100,100,0,0,26,7.6923076923076925
R,ST,ST1562-1LV,-,100,100,0,-,1,0
R,ST,ST1563,-,100,100,0,-,10,0
R,ST,ST1564,-,50,50,50,-,2,0
R,ST,ST1569,100,100,100,0,0,4,25
R,ST,ST157,-,100,100,0,-,1,0
R,ST,ST1570-1LV,-,100,100,0,-,1,0
R,ST,ST1570-2LV,-,100,100,0,-,1,0
R,ST,ST1574,-,100,100,0,-,3,0
R,ST,ST158,100,100,100,0,0,2,50
R,ST,ST1582,100,50,66.66666666666666,50,0,3,33.33333333333333
R,ST,ST1583,-,66.66666666666666,66.66666666666666,33.33333333333333,-,3,0
R,ST,ST1584,-,100,100,0,-,2,0
R,ST,ST159,-,100,100,0,-,1,0
R,ST,ST1593,100,0,100,100,0,1,100
R,ST,ST1597-1LV,-,100,100,0,-,1,0
R,ST,ST1599,-,100,100,0,-,3,0
R,ST,ST16,100,50,99.74937343358395,50,0,399,99.49874686716792
R,ST,ST16-1LV,100,0,100,100,0,5,100
R,ST,ST160,-,100,100,0,-,3,0
R,ST,ST1602,-,100,100,0,-,1,0
R,ST,ST1606,-,100,100,0,-,1,0
R,ST,ST1609,-,100,100,0,-,2,0
R,ST,ST1609-1LV,-,100,100,0,-,1,0
R,ST,ST161,-,100,100,0,-,2,0
R,ST,ST161-3LV,-,100,100,0,-,2,0
R,ST,ST1613,-,100,100,0,-,1,0
R,ST,ST1615,-,100,100,0,-,1,0
R,ST,ST162,-,100,100,0,-,1,0
R,ST,ST1621,-,100,100,0,-,4,0
R,ST,ST1623,-,100,100,0,-,1,0
R,ST,ST1629,-,100,100,0,-,2,0
R,ST,ST163,-,90.9090909090909,90.9090909090909,9.090909090909092,-,11,0
R,ST,ST1630,-,100,100,0,-,5,0
R,ST,ST1631,-,100,100,0,-,3,0
R,ST,ST1634,-,100,100,0,-,1,0
R,ST,ST1642,-,100,100,0,-,1,0
R,ST,ST1644,-,100,100,0,-,2,0
R,ST,ST1646,-,100,100,0,-,1,0
R,ST,ST1647,-,100,100,0,-,1,0
R,ST,ST1647-2LV,100,0,100,100,0,1,100
R,ST,ST1653,100,100,100,0,0,2,50
R,ST,ST1658,-,100,100,0,-,2,0
R,ST,ST1661,-,100,100,0,-,3,0
R,ST,ST1662,-,100,100,0,-,2,0
R,ST,ST1662-1LV,100,0,100,100,0,7,100
R,ST,ST1664,-,100,100,0,-,1,0
R,ST,ST1665,-,100,100,0,-,1,0
R,ST,ST1676,-,100,100,0,-,1,0
R,ST,ST1679,-,100,100,0,-,2,0
R,ST,ST168,0,100,75,0,100,4,25
R,ST,ST1681,-,100,100,0,-,1,0
R,ST,ST1681-1LV,-,100,100,0,-,1,0
R,ST,ST1683,100,100,100,0,0,2,50
R,ST,ST1686,0,100,66.66666666666666,0,100,3,33.33333333333333
R,ST,ST1688,-,100,100,0,-,5,0
R,ST,ST1688-1LV,-,100,100,0,-,1,0
R,ST,ST1689,-,100,100,0,-,2,0
R,ST,ST1694,100,100,100,0,0,4,25
R,ST,ST17,91.66666666666666,91.11111111111111,91.28205128205128,8.88888888888889,8.333333333333332,195,30.76923076923077
R,ST,ST17-1LV,100,0,50,100,0,2,50
R,ST,ST1709,-,100,100,0,-,1,0
R,ST,ST1718,-,100,100,0,-,1,0
R,ST,ST1726,100,50,66.66666666666666,50,0,3,33.33333333333333
R,ST,ST1727,-,100,100,0,-,1,0
R,ST,ST1728,100,100,100,0,0,5,20
R,ST,ST1731,-,100,100,0,-,2,0
R,ST,ST1737,-,100,100,0,-,1,0
R,ST,ST1737-1LV,-,100,100,0,-,2,0
R,ST,ST1741,-,0,0,100,-,2,0
R,ST,ST1746,-,100,100,0,-,1,0
R,ST,ST1750,-,100,100,0,-,2,0
R,ST,ST1754,100,100,100,0,0,10,90
R,ST,ST1758,100,100,100,0,0,2,50
R,ST,ST176,-,66.66666666666666,66.66666666666666,33.33333333333333,-,3,0
R,ST,ST1770,100,0,100,100,0,1,100
R,ST,ST1774,100,0,50,100,0,4,50
R,ST,ST1775,-,100,100,0,-,1,0
R,ST,ST1777,100,0,100,100,0,1,100
R,ST,ST1777-1LV,100,0,100,100,0,1,100
R,ST,ST1778,-,100,100,0,-,1,0
R,ST,ST1779,-,100,100,0,-,7,0
R,ST,ST1783-1LV,-,100,100,0,-,1,0
R,ST,ST1787,100,0,50,100,0,6,50
R,ST,ST1788,-,100,100,0,-,1,0
R,ST,ST1790,-,100,100,0,-,1,0
R,ST,ST1791,-,100,100,0,-,2,0
R,ST,ST1798,100,100,100,0,0,2,50
R,ST,ST1799,-,100,100,0,-,4,0
R,ST,ST18,100,100,100,0,0,2,50
R,ST,ST180,-,100,100,0,-,2,0
R,ST,ST1800,-,100,100,0,-,1,0
R,ST,ST1801,75,0,50,100,25,6,66.66666666666666
R,ST,ST1805,-,100,100,0,-,1,0
R,ST,ST1808,100,0,100,100,0,1,100
R,ST,ST1813,-,100,100,0,-,1,0
R,ST,ST1818,-,100,100,0,-,1,0
R,ST,ST1819,-,100,100,0,-,3,0
R,ST,ST182,-,100,100,0,-,3,0
R,ST,ST1822,-,100,100,0,-,5,0
R,ST,ST1823,0,100,50,0,100,2,50
R,ST,ST1824,100,100,100,0,0,2,50
R,ST,ST1825,-,100,100,0,-,1,0
R,ST,ST1832,-,100,100,0,-,9,0
R,ST,ST1836,-,100,100,0,-,3,0
R,ST,ST1838,50,50,50,50,50,2,100
R,ST,ST1843,-,100,100,0,-,2,0
R,ST,ST1845,-,100,100,0,-,3,0
R,ST,ST1848,-,100,100,0,-,1,0
R,ST,ST185,-,100,100,0,-,2,0
R,ST,ST1855,100,100,100,0,0,2,50
R,ST,ST1859,100,0,100,100,0,1,100
R,ST,ST186,-,100,100,0,-,2,0
R,ST,ST1862,-,100,100,0,-,1,0
R,ST,ST1863-2LV,-,100,100,0,-,1,0
R,ST,ST1867,-,100,100,0,-,2,0
R,ST,ST187,60,100,89.47368421052632,0,40,19,26.31578947368421
R,ST,ST1873,-,100,100,0,-,1,0
R,ST,ST1875,-,100,100,0,-,4,0
R,ST,ST1876,100,100,100,0,0,12,41.66666666666667
R,ST,ST1877,-,100,100,0,-,11,0
R,ST,ST188,-,100,100,0,-,6,0
R,ST,ST188-1LV,0,100,0,0,100,1,100
R,ST,ST1880,100,0,100,100,0,2,100
R,ST,ST1881-3LV,-,100,100,0,-,1,0
R,ST,ST1887,100,100,100,0,0,2,50
R,ST,ST189,-,100,100,0,-,1,0
R,ST,ST1891,100,0,100,100,0,1,100
R,ST,ST1897,-,100,100,0,-,3,0
R,ST,ST1899,-,100,100,0,-,3,0
R,ST,ST1905,0,100,0,0,100,1,100
R,ST,ST191,-,100,100,0,-,1,0
R,ST,ST1915,-,100,100,0,-,5,0
R,ST,ST1916,100,0,100,100,0,3,100
R,ST,ST192,0,100,66.66666666666666,0,100,3,33.33333333333333
R,ST,ST192-2LV,-,100,100,0,-,1,0
R,ST,ST1920,-,100,100,0,-,1,0
R,ST,ST1922,100,0,100,100,0,7,100
R,ST,ST1927,-,100,100,0,-,1,0
R,ST,ST1928,-,100,100,0,-,3,0
R,ST,ST1928-1LV,-,100,100,0,-,1,0
R,ST,ST193,100,100,100,0,0,4,25
R,ST,ST193-1LV,-,100,100,0,-,1,0
R,ST,ST1933,-,100,100,0,-,1,0
R,ST,ST194,-,100,100,0,-,3,0
R,ST,ST1948,-,100,100,0,-,3,0
R,ST,ST1957,-,100,100,0,-,2,0
R,ST,ST1958,100,66.66666666666666,80,33.33333333333333,0,5,40
R,ST,ST196,100,0,100,100,0,7,100
R,ST,ST1962,100,100,100,0,0,4,25
R,ST,ST1966,-,100,100,0,-,12,0
R,ST,ST1967,-,100,100,0,-,3,0
R,ST,ST1967-1LV,-,100,100,0,-,1,0
R,ST,ST197,-,100,100,0,-,9,0
R,ST,ST1978,-,100,100,0,-,1,0
R,ST,ST198,100,100,100,0,0,6,16.666666666666664
R,ST,ST198-1LV,100,0,100,100,0,1,100
R,ST,ST1980,-,100,100,0,-,3,0
R,ST,ST1984,-,100,100,0,-,1,0
R,ST,ST1985,-,100,100,0,-,1,0
R,ST,ST1986,-,100,100,0,-,2,0
R,ST,ST199,100,100,100,0,0,7,85.71428571428571
R,ST,ST1994,-,100,100,0,-,1,0
R,ST,ST1994-1LV,-,100,100,0,-,2,0
R,ST,ST1996,-,100,100,0,-,1,0
R,ST,ST1997,-,100,100,0,-,1,0
R,ST,ST1999,-,100,100,0,-,5,0
R,ST,ST2,-,100,100,0,-,5,0
R,ST,ST2-3LV,0,100,0,0,100,1,100
R,ST,ST20,79.3103448275862,99.21875,95.54140127388536,0.78125,20.689655172413794,157,18.471337579617835
R,ST,ST200,100,100,100,0,0,47,2.127659574468085
R,ST,ST200-1LV,-,100,100,0,-,1,0
R,ST,ST2004,100,100,100,0,0,15,40
R,ST,ST2006,100,0,100,100,0,2,100
R,ST,ST2011,-,100,100,0,-,2,0
R,ST,ST202,-,100,100,0,-,6,0
R,ST,ST2029-1LV,-,100,100,0,-,1,0
R,ST,ST2039,-,100,100,0,-,1,0
R,ST,ST204-2LV,-,100,100,0,-,1,0
R,ST,ST2042,-,100,100,0,-,4,0
R,ST,ST2045-1LV,-,100,100,0,-,1,0
R,ST,ST205,-,100,100,0,-,4,0
R,ST,ST205-2LV,-,100,100,0,-,1,0
R,ST,ST2053,0,100,50,0,100,2,50
R,ST,ST2055,-,100,100,0,-,2,0
R,ST,ST206,-,100,100,0,-,1,0
R,ST,ST206-3LV,0,100,0,0,100,1,100
R,ST,ST2067-1LV,-,100,100,0,-,1,0
R,ST,ST2067-3LV,-,100,100,0,-,1,0
R,ST,ST2069,-,100,100,0,-,1,0
R,ST,ST208,-,90,90,10,-,10,0
R,ST,ST208-1LV,-,100,100,0,-,9,0
R,ST,ST208-3LV,-,100,100,0,-,1,0
R,ST,ST2082,-,100,100,0,-,1,0
R,ST,ST2083-4LV,-,100,100,0,-,1,0
R,ST,ST2086,-,100,100,0,-,1,0
R,ST,ST2089,-,100,100,0,-,1,0
R,ST,ST209-1LV,-,100,100,0,-,1,0
R,ST,ST2096,100,0,100,100,0,40,100
R,ST,ST2097,-,100,100,0,-,2,0
R,ST,ST2097-1LV,-,100,100,0,-,1,0
R,ST,ST2108,100,100,100,0,0,7,14.285714285714285
R,ST,ST211,-,100,100,0,-,2,0
R,ST,ST2116,-,100,100,0,-,4,0
R,ST,ST2118,-,100,100,0,-,4,0
R,ST,ST2121,100,0,100,100,0,1,100
R,ST,ST2123,-,100,100,0,-,1,0
R,ST,ST2127,-,100,100,0,-,1,0
R,ST,ST2133,-,100,100,0,-,1,0
R,ST,ST2136,-,100,100,0,-,1,0
R,ST,ST215,66.66666666666666,100,93.33333333333333,0,33.33333333333333,15,20
R,ST,ST2153,-,100,100,0,-,1,0
R,ST,ST2154,100,0,100,100,0,1,100
R,ST,ST2158,-,100,100,0,-,3,0
R,ST,ST2159,-,100,100,0,-,2,0
R,ST,ST2167,-,100,100,0,-,3,0
R,ST,ST2176,100,100,100,0,0,2,50
R,ST,ST2177,-,100,100,0,-,2,0
R,ST,ST218,75,100,94.11764705882352,0,25,17,23.52941176470588
R,ST,ST218-2LV,-,100,100,0,-,1,0
R,ST,ST2183,-,100,100,0,-,2,0
R,ST,ST2185,-,100,100,0,-,1,0
R,ST,ST219,100,66.66666666666666,78.72340425531915,33.33333333333333,0,47,36.17021276595745
R,ST,ST22,85.71428571428571,95.83333333333334,93.54838709677419,4.166666666666666,14.285714285714285,31,22.58064516129032
R,ST,ST22-1LV,100,0,100,100,0,1,100
R,ST,ST220,-,100,100,0,-,3,0
R,ST,ST220-2LV,-,100,100,0,-,2,0
R,ST,ST2202,-,100,100,0,-,2,0
R,ST,ST221,100,100,100,0,0,21,14.285714285714285
R,ST,ST2211,-,100,100,0,-,3,0
R,ST,ST2217,100,100,100,0,0,5,20
R,ST,ST2221,-,100,100,0,-,1,0
R,ST,ST2228,-,100,100,0,-,2,0
R,ST,ST2239,-,100,100,0,-,2,0
R,ST,ST224,-,100,100,0,-,6,0
R,ST,ST2248,-,100,100,0,-,2,0
R,ST,ST225,0,90.9090909090909,83.33333333333334,9.090909090909092,100,12,8.333333333333332
R,ST,ST2257-1LV,-,0,0,100,-,1,0
R,ST,ST2258,-,100,100,0,-,1,0
R,ST,ST2263,-,100,100,0,-,2,0
R,ST,ST2264,100,0,100,100,0,1,100
R,ST,ST2267,0,100,50,0,100,2,50
R,ST,ST2273,-,100,100,0,-,2,0
R,ST,ST2286,-,100,100,0,-,1,0
R,ST,ST229,0,100,66.66666666666666,0,100,3,33.33333333333333
R,ST,ST2295,-,100,100,0,-,1,0
R,ST,ST23,20,97.67441860465115,89.58333333333334,2.3255813953488373,80,48,10.416666666666668
R,ST,ST230,-,100,100,0,-,11,0
R,ST,ST2300,100,0,100,100,0,1,100
R,ST,ST2301,-,100,100,0,-,1,0
R,ST,ST231,100,0,97.79735682819384,100,0,227,97.79735682819384
R,ST,ST231-1LV,100,0,100,100,0,2,100
R,ST,ST2317,-,100,100,0,-,1,0
R,ST,ST2324,-,100,100,0,-,1,0
R,ST,ST2330,-,100,100,0,-,1,0
R,ST,ST234,50,100,93.33333333333333,0,50,15,13.333333333333334
R,ST,ST2351,100,100,100,0,0,2,50
R,ST,ST2352-2LV,100,0,100,100,0,1,100
R,ST,ST2355,-,100,100,0,-,1,0
R,ST,ST2362,-,100,100,0,-,1,0
R,ST,ST2370,-,100,100,0,-,5,0
R,ST,ST2375-2LV,-,100,100,0,-,1,0
R,ST,ST2386,-,100,100,0,-,15,0
R,ST,ST2388,-,100,100,0,-,1,0
R,ST,ST2396,-,100,100,0,-,2,0
R,ST,ST24,-,100,100,0,-,2,0
R,ST,ST240,100,100,100,0,0,18,55.55555555555556
R,ST,ST2406,-,100,100,0,-,3,0
R,ST,ST2407,100,100,100,0,0,3,33.33333333333333
R,ST,ST2408,-,100,100,0,-,1,0
R,ST,ST241,-,100,100,0,-,1,0
R,ST,ST2410,-,100,100,0,-,1,0
R,ST,ST2411,-,100,100,0,-,2,0
R,ST,ST2412-1LV,-,100,100,0,-,1,0
R,ST,ST2414,-,100,100,0,-,1,0
R,ST,ST2415,-,100,100,0,-,1,0
R,ST,ST2418,100,0,100,100,0,2,100
R,ST,ST242,-,100,100,0,-,1,0
R,ST,ST2421,-,100,100,0,-,1,0
R,ST,ST2421-1LV,-,100,100,0,-,1,0
R,ST,ST2421-3LV,-,100,100,0,-,1,0
R,ST,ST2423,-,100,100,0,-,1,0
R,ST,ST2425,-,100,100,0,-,1,0
R,ST,ST2426,-,100,100,0,-,2,0
R,ST,ST2428,-,100,100,0,-,2,0
R,ST,ST2432-3LV,-,100,100,0,-,1,0
R,ST,ST2433,-,0,0,100,-,1,0
R,ST,ST2436,0,100,0,0,100,1,100
R,ST,ST2439,-,100,100,0,-,5,0
R,ST,ST244,100,0,50,100,0,2,50
R,ST,ST2440,-,100,100,0,-,1,0
R,ST,ST2441,-,100,100,0,-,13,0
R,ST,ST2442,-,100,100,0,-,1,0
R,ST,ST2444,-,100,100,0,-,1,0
R,ST,ST2445,-,100,100,0,-,4,0
R,ST,ST2447,-,100,100,0,-,2,0
R,ST,ST2448,-,100,100,0,-,1,0
R,ST,ST245,-,100,100,0,-,2,0
R,ST,ST2451,-,100,100,0,-,1,0
R,ST,ST2453,-,100,100,0,-,2,0
R,ST,ST2456,-,100,100,0,-,1,0
R,ST,ST2456-1LV,-,100,100,0,-,1,0
R,ST,ST2456-2LV,-,100,100,0,-,1,0
R,ST,ST2457-2LV,-,100,100,0,-,1,0
R,ST,ST2458,-,0,0,100,-,1,0
R,ST,ST2459,100,100,100,0,0,11,18.181818181818183
R,ST,ST2462,-,100,100,0,-,1,0
R,ST,ST2462-2LV,-,100,100,0,-,1,0
R,ST,ST2463,-,100,100,0,-,1,0
R,ST,ST2464,-,100,100,0,-,1,0
R,ST,ST2465,-,100,100,0,-,1,0
R,ST,ST2466,-,100,100,0,-,1,0
R,ST,ST2467,-,100,100,0,-,2,0
R,ST,ST2468,-,100,100,0,-,1,0
R,ST,ST2468-1LV,-,100,100,0,-,5,0
R,ST,ST2469,-,100,100,0,-,1,0
R,ST,ST247,-,100,100,0,-,4,0
R,ST,ST2470,-,100,100,0,-,1,0
R,ST,ST2471,-,100,100,0,-,1,0
R,ST,ST2472,-,100,100,0,-,1,0
R,ST,ST2473,-,100,100,0,-,3,0
R,ST,ST2474,-,100,100,0,-,1,0
R,ST,ST2475,-,100,100,0,-,2,0
R,ST,ST2476,-,100,100,0,-,1,0
R,ST,ST2477,-,100,100,0,-,2,0
R,ST,ST2478,-,100,100,0,-,2,0
R,ST,ST2479,-,100,100,0,-,1,0
R,ST,ST2479-1LV,-,100,100,0,-,1,0
R,ST,ST2480,-,100,100,0,-,1,0
R,ST,ST2480-2LV,0,100,0,0,100,1,100
R,ST,ST2481,-,100,100,0,-,1,0
R,ST,ST2482,-,100,100,0,-,2,0
R,ST,ST2483,-,100,100,0,-,1,0
R,ST,ST2484,-,100,100,0,-,2,0
R,ST,ST2485,-,100,100,0,-,1,0
R,ST,ST2486,-,100,100,0,-,1,0
R,ST,ST2487,-,100,100,0,-,1,0
R,ST,ST2488,-,100,100,0,-,1,0
R,ST,ST2489,-,100,100,0,-,1,0
R,ST,ST2490,-,100,100,0,-,2,0
R,ST,ST2491,-,100,100,0,-,1,0
R,ST,ST2493,0,100,50,0,100,2,50
R,ST,ST2497,100,0,100,100,0,5,100
R,ST,ST25,97.05882352941177,95.23809523809523,95.87628865979381,4.761904761904762,2.941176470588235,97,35.051546391752574
R,ST,ST250,50,100,87.5,0,50,8,25
R,ST,ST250-1LV,100,100,100,0,0,2,50
R,ST,ST2503,-,100,100,0,-,1,0
R,ST,ST2504,-,100,100,0,-,1,0
R,ST,ST2505,-,100,100,0,-,2,0
R,ST,ST2506,-,100,100,0,-,1,0
R,ST,ST2507,-,100,100,0,-,2,0
R,ST,ST2508,-,100,100,0,-,1,0
R,ST,ST251,75,100,80,0,25,5,80
R,ST,ST2510,-,100,100,0,-,1,0
R,ST,ST2513,-,100,100,0,-,3,0
R,ST,ST252,100,100,100,0,0,28,42.857142857142854
R,ST,ST2524,-,100,100,0,-,1,0
R,ST,ST2525,-,100,100,0,-,1,0
R,ST,ST253,100,96.42857142857143,96.7741935483871,3.571428571428571,0,31,9.67741935483871
R,ST,ST253-1LV,-,100,100,0,-,1,0
R,ST,ST2534,100,0,100,100,0,1,100
R,ST,ST2551,0,100,66.66666666666666,0,100,3,33.33333333333333
R,ST,ST2552,-,100,100,0,-,4,0
R,ST,ST2553,-,100,100,0,-,1,0
R,ST,ST2554-1LV,-,100,100,0,-,1,0
R,ST,ST2555,-,100,100,0,-,2,0
R,ST,ST2556,-,100,100,0,-,1,0
R,ST,ST2557,-,100,100,0,-,1,0
R,ST,ST2558,100,100,100,0,0,2,50
R,ST,ST2559,-,100,100,0,-,1,0
R,ST,ST256,-,100,100,0,-,10,0
R,ST,ST2561,-,100,100,0,-,1,0
R,ST,ST2562,-,100,100,0,-,1,0
R,ST,ST2570,100,100,100,0,0,2,50
R,ST,ST258,100,0,99.45945945945947,100,0,555,99.45945945945947
R,ST,ST258-1LV,100,0,100,100,0,2,100
R,ST,ST2581,-,100,100,0,-,2,0
R,ST,ST2582,-,100,100,0,-,1,0
R,ST,ST2586,-,100,100,0,-,1,0
R,ST,ST2586-1LV,-,100,100,0,-,1,0
R,ST,ST2592,-,100,100,0,-,1,0
R,ST,ST2593,100,0,100,100,0,1,100
R,ST,ST2594,-,100,100,0,-,4,0
R,ST,ST2594-1LV,-,100,100,0,-,1,0
R,ST,ST2595,-,100,100,0,-,1,0
R,ST,ST2596,-,100,100,0,-,2,0
R,ST,ST2597,-,100,100,0,-,1,0
R,ST,ST2598-1LV,-,100,100,0,-,1,0
R,ST,ST2599,100,100,100,0,0,9,22.22222222222222
R,ST,ST26,100,100,100,0,0,37,8.108108108108109
R,ST,ST26-1LV,100,100,100,0,0,3,33.33333333333333
R,ST,ST26-2LV,-,100,100,0,-,1,0
R,ST,ST2600,-,100,100,0,-,1,0
R,ST,ST2601,-,100,100,0,-,1,0
R,ST,ST2602,-,100,100,0,-,1,0
R,ST,ST2604,-,100,100,0,-,1,0
R,ST,ST2605,-,100,100,0,-,1,0
R,ST,ST2606,-,100,100,0,-,2,0
R,ST,ST2607,-,100,100,0,-,1,0
R,ST,ST2608,-,100,100,0,-,1,0
R,ST,ST2609,-,100,100,0,-,4,0
R,ST,ST261,100,0,66.66666666666666,100,0,3,66.66666666666666
R,ST,ST2610,-,100,100,0,-,1,0
R,ST,ST2611,-,100,100,0,-,1,0
R,ST,ST2612,-,100,100,0,-,1,0
R,ST,ST2616,-,100,100,0,-,1,0
R,ST,ST262,-,100,100,0,-,1,0
R,ST,ST2623,0,100,0,0,100,1,100
R,ST,ST2630,-,100,100,0,-,1,0
R,ST,ST2632,-,100,100,0,-,3,0
R,ST,ST2634,-,100,100,0,-,5,0
R,ST,ST2644,100,0,100,100,0,1,100
R,ST,ST2650,-,100,100,0,-,1,0
R,ST,ST2650-3LV,-,100,100,0,-,1,0
R,ST,ST2654,100,0,100,100,0,2,100
R,ST,ST2657,-,100,100,0,-,1,0
R,ST,ST2660-2LV,-,100,100,0,-,1,0
R,ST,ST2661,100,0,100,100,0,2,100
R,ST,ST2663,-,100,100,0,-,1,0
R,ST,ST2665,-,100,100,0,-,1,0
R,ST,ST2672,-,100,100,0,-,5,0
R,ST,ST2673,-,66.66666666666666,66.66666666666666,33.33333333333333,-,3,0
R,ST,ST2675,100,0,100,100,0,2,100
R,ST,ST2675-2LV,-,100,100,0,-,1,0
R,ST,ST2675-3LV,-,100,100,0,-,1,0
R,ST,ST2676,100,0,100,100,0,2,100
R,ST,ST2677,100,0,100,100,0,1,100
R,ST,ST268,60,94.44444444444444,86.95652173913044,5.555555555555555,40,23,21.73913043478261
R,ST,ST268-1LV,-,100,100,0,-,1,0
R,ST,ST2680,-,100,100,0,-,1,0
R,ST,ST2691,-,100,100,0,-,1,0
R,ST,ST2695,-,100,100,0,-,1,0
R,ST,ST27,100,100,100,0,0,20,20
R,ST,ST2701,-,100,100,0,-,2,0
R,ST,ST2702,-,0,0,100,-,1,0
R,ST,ST2703,100,100,100,0,0,33,3.0303030303030303
R,ST,ST2715,-,100,100,0,-,3,0
R,ST,ST2717,-,100,100,0,-,1,0
R,ST,ST272-2LV,100,0,100,100,0,2,100
R,ST,ST2724,-,100,100,0,-,2,0
R,ST,ST2724-1LV,-,100,100,0,-,1,0
R,ST,ST273,100,0,100,100,0,42,100
R,ST,ST2749-2LV,-,100,100,0,-,1,0
R,ST,ST277,-,100,100,0,-,9,0
R,ST,ST277-1LV,-,100,100,0,-,1,0
R,ST,ST278,100,100,100,0,0,7,42.857142857142854
R,ST,ST2782,-,100,100,0,-,1,0
R,ST,ST2787,-,100,100,0,-,3,0
R,ST,ST2787-1LV,-,100,100,0,-,1,0
R,ST,ST279,-,100,100,0,-,5,0
R,ST,ST2791,-,100,100,0,-,9,0
R,ST,ST2793,100,100,100,0,0,2,50
R,ST,ST280,95.45454545454545,75,92.3076923076923,25,4.545454545454546,52,84.61538461538461
R,ST,ST2800,-,100,100,0,-,1,0
R,ST,ST2805,-,100,100,0,-,2,0
R,ST,ST2806,-,100,100,0,-,2,0
R,ST,ST281,-,66.66666666666666,66.66666666666666,33.33333333333333,-,3,0
R,ST,ST2817,0,100,0,0,100,1,100
R,ST,ST2819,-,100,100,0,-,2,0
R,ST,ST2823,-,100,100,0,-,1,0
R,ST,ST2824,-,100,100,0,-,1,0
R,ST,ST2827-2LV,-,100,100,0,-,1,0
R,ST,ST283,100,100,100,0,0,11,90.9090909090909
R,ST,ST2833,100,0,100,100,0,1,100
R,ST,ST285,-,100,100,0,-,1,0
R,ST,ST285-1LV,-,100,100,0,-,1,0
R,ST,ST2850,100,100,100,0,0,2,50
R,ST,ST2855-4LV,-,100,100,0,-,1,0
R,ST,ST2856,100,100,100,0,0,20,75
R,ST,ST286-1LV,-,100,100,0,-,1,0
R,ST,ST2876-1LV,0,100,0,0,100,1,100
R,ST,ST289,-,100,100,0,-,2,0
R,ST,ST289-2LV,-,100,100,0,-,2,0
R,ST,ST29,97.14285714285714,92.3076923076923,94,7.6923076923076925,2.857142857142857,100,35
R,ST,ST29-1LV,100,100,100,0,0,2,50
R,ST,ST290,-,100,100,0,-,16,0
R,ST,ST2913-1LV,-,100,100,0,-,1,0
R,ST,ST292,100,100,100,0,0,9,11.11111111111111
R,ST,ST2931,-,100,100,0,-,4,0
R,ST,ST2938,0,100,75,0,100,4,25
R,ST,ST294,100,100,100,0,0,11,27.27272727272727
R,ST,ST2944,-,100,100,0,-,1,0
R,ST,ST2946,-,100,100,0,-,1,0
R,ST,ST2947,100,0,100,100,0,3,100
R,ST,ST2949,100,100,100,0,0,2,50
R,ST,ST295,50,100,75,0,50,4,50
R,ST,ST295-1LV,100,0,100,100,0,1,100
R,ST,ST2950,100,100,100,0,0,4,25
R,ST,ST2952,-,100,100,0,-,1,0
R,ST,ST2953,-,100,100,0,-,1,0
R,ST,ST2954,-,100,100,0,-,1,0
R,ST,ST297,100,100,100,0,0,4,50
R,ST,ST2975,100,0,100,100,0,15,100
R,ST,ST2980-3LV,-,100,100,0,-,1,0
R,ST,ST2981-3LV,-,100,100,0,-,1,0
R,ST,ST2981-4LV,-,100,100,0,-,1,0
R,ST,ST2986,66.66666666666666,100,75,0,33.33333333333333,4,75
R,ST,ST2988,-,100,100,0,-,1,0
R,ST,ST2989,-,100,100,0,-,3,0
R,ST,ST299,100,100,100,0,0,5,20
R,ST,ST2990,-,100,100,0,-,4,0
R,ST,ST2991,-,100,100,0,-,1,0
R,ST,ST2992,-,100,100,0,-,1,0
R,ST,ST2993,-,100,100,0,-,1,0
R,ST,ST2993-1LV,-,100,100,0,-,1,0
R,ST,ST2994,-,100,100,0,-,3,0
R,ST,ST2995,-,100,100,0,-,1,0
R,ST,ST2996,-,100,100,0,-,1,0
R,ST,ST2997,-,100,100,0,-,1,0
R,ST,ST2998,-,100,100,0,-,1,0
R,ST,ST2999,-,100,100,0,-,1,0
R,ST,ST3,-,100,100,0,-,1,0
R,ST,ST30,-,100,100,0,-,5,0
R,ST,ST300,100,100,100,0,0,3,33.33333333333333
R,ST,ST3008,-,100,100,0,-,1,0
R,ST,ST301,-,100,100,0,-,7,0
R,ST,ST3020,-,100,100,0,-,3,0
R,ST,ST3038,-,0,0,100,-,1,0
R,ST,ST3040,-,100,100,0,-,1,0
R,ST,ST3041,100,100,100,0,0,7,14.285714285714285
R,ST,ST3042,50,100,66.66666666666666,0,50,3,66.66666666666666
R,ST,ST3043,-,100,100,0,-,3,0
R,ST,ST3045,-,100,100,0,-,1,0
R,ST,ST3046,-,100,100,0,-,2,0
R,ST,ST3047,-,100,100,0,-,1,0
R,ST,ST3048,-,100,100,0,-,6,0
R,ST,ST3049,-,100,100,0,-,5,0
R,ST,ST305,100,0,100,100,0,1,100
R,ST,ST3050,100,0,100,100,0,3,100
R,ST,ST3051,-,100,100,0,-,1,0
R,ST,ST3052,-,100,100,0,-,1,0
R,ST,ST3054,-,100,100,0,-,1,0
R,ST,ST3055,-,100,100,0,-,1,0
R,ST,ST3056,-,100,100,0,-,2,0
R,ST,ST3057,-,100,100,0,-,2,0
R,ST,ST3058,-,100,100,0,-,1,0
R,ST,ST3060,-,100,100,0,-,1,0
R,ST,ST3061,-,100,100,0,-,1,0
R,ST,ST3062,-,100,100,0,-,3,0
R,ST,ST3063,-,100,100,0,-,1,0
R,ST,ST3064,-,100,100,0,-,1,0
R,ST,ST3066,-,100,100,0,-,1,0
R,ST,ST3067,-,100,100,0,-,3,0
R,ST,ST3068,-,100,100,0,-,33,0
R,ST,ST3069,-,100,100,0,-,9,0
R,ST,ST307,99.88649262202043,0,99.32279909706546,100,0.11350737797956867,886,99.43566591422122
R,ST,ST307-1LV,100,0,100,100,0,27,100
R,ST,ST3070,-,100,100,0,-,1,0
R,ST,ST3071,-,100,100,0,-,4,0
R,ST,ST3072,-,80,80,20,-,5,0
R,ST,ST3073,-,100,100,0,-,1,0
R,ST,ST3074,-,100,100,0,-,1,0
R,ST,ST3075,-,100,100,0,-,1,0
R,ST,ST3076,-,0,0,100,-,1,0
R,ST,ST3077,-,100,100,0,-,1,0
R,ST,ST3078,-,100,100,0,-,1,0
R,ST,ST3079,-,100,100,0,-,1,0
R,ST,ST3080,-,100,100,0,-,1,0
R,ST,ST3081,-,100,100,0,-,2,0
R,ST,ST3082,-,100,100,0,-,1,0
R,ST,ST3083,-,100,100,0,-,1,0
R,ST,ST3084,-,100,100,0,-,1,0
R,ST,ST3084-1LV,-,100,100,0,-,1,0
R,ST,ST3085,-,100,100,0,-,1,0
R,ST,ST3086,-,100,100,0,-,4,0
R,ST,ST3087,-,100,100,0,-,1,0
R,ST,ST3088,-,100,100,0,-,1,0
R,ST,ST3089,-,100,100,0,-,1,0
R,ST,ST309,100,100,100,0,0,7,14.285714285714285
R,ST,ST3090,-,100,100,0,-,1,0
R,ST,ST3090-1LV,-,100,100,0,-,1,0
R,ST,ST3091,-,100,100,0,-,1,0
R,ST,ST3092,-,100,100,0,-,1,0
R,ST,ST3093,-,100,100,0,-,1,0
R,ST,ST3094,-,100,100,0,-,1,0
R,ST,ST3095,-,100,100,0,-,2,0
R,ST,ST3096,100,0,100,100,0,2,100
R,ST,ST3097-1LV,0,100,50,0,100,2,50
R,ST,ST3098,-,100,100,0,-,2,0
R,ST,ST3099,-,100,100,0,-,1,0
R,ST,ST310,-,100,100,0,-,1,0
R,ST,ST3100,-,100,100,0,-,1,0
R,ST,ST3101,-,100,100,0,-,2,0
R,ST,ST3102,-,100,100,0,-,2,0
R,ST,ST3103,-,100,100,0,-,1,0
R,ST,ST3104,-,100,100,0,-,2,0
R,ST,ST3105,-,100,100,0,-,1,0
R,ST,ST3106,-,100,100,0,-,1,0
R,ST,ST3113,100,0,75,100,0,4,75
R,ST,ST3125,-,100,100,0,-,1,0
R,ST,ST313,100,100,100,0,0,3,66.66666666666666
R,ST,ST3134-1LV,-,100,100,0,-,1,0
R,ST,ST3139,-,100,100,0,-,11,0
R,ST,ST314,-,100,100,0,-,1,0
R,ST,ST3145,-,100,100,0,-,1,0
R,ST,ST3147,-,100,100,0,-,2,0
R,ST,ST315,-,100,100,0,-,1,0
R,ST,ST3150,-,100,100,0,-,1,0
R,ST,ST3153,-,100,100,0,-,1,0
R,ST,ST3155,-,100,100,0,-,3,0
R,ST,ST3157,100,100,100,0,0,4,50
R,ST,ST3159,-,100,100,0,-,1,0
R,ST,ST3160,-,100,100,0,-,1,0
R,ST,ST3161,-,75,75,25,-,4,0
R,ST,ST3164,0,100,66.66666666666666,0,100,3,33.33333333333333
R,ST,ST3169,-,100,100,0,-,2,0
R,ST,ST317,100,0,100,100,0,1,100
R,ST,ST3172,-,83.33333333333334,83.33333333333334,16.666666666666664,-,6,0
R,ST,ST3174,-,100,100,0,-,1,0
R,ST,ST3175,-,100,100,0,-,1,0
R,ST,ST318,-,100,100,0,-,1,0
R,ST,ST318-3LV,-,100,100,0,-,1,0
R,ST,ST3182,-,100,100,0,-,1,0
R,ST,ST3183,-,100,100,0,-,1,0
R,ST,ST3186,-,100,100,0,-,1,0
R,ST,ST3191-2LV,-,100,100,0,-,1,0
R,ST,ST3195,-,100,100,0,-,4,0
R,ST,ST3198,-,100,100,0,-,1,0
R,ST,ST320,-,100,100,0,-,1,0
R,ST,ST3200,-,100,100,0,-,1,0
R,ST,ST3201,-,100,100,0,-,2,0
R,ST,ST3205,-,100,100,0,-,1,0
R,ST,ST3206,100,0,100,100,0,1,100
R,ST,ST321,100,41.66666666666667,50,58.333333333333336,0,28,14.285714285714285
R,ST,ST3212,-,100,100,0,-,5,0
R,ST,ST3213,-,0,0,100,-,1,0
R,ST,ST322,-,100,100,0,-,5,0
R,ST,ST3228,-,100,100,0,-,1,0
R,ST,ST323,91.37931034482759,83.87096774193549,88.76404494382022,16.129032258064516,8.620689655172415,89,65.1685393258427
R,ST,ST3230,-,100,100,0,-,1,0
R,ST,ST3231,-,100,100,0,-,1,0
R,ST,ST3239,-,100,100,0,-,1,0
R,ST,ST3247,-,100,100,0,-,1,0
R,ST,ST3248,100,0,100,100,0,3,100
R,ST,ST3251,-,100,100,0,-,1,0
R,ST,ST3254,-,100,100,0,-,1,0
R,ST,ST327,100,100,100,0,0,9,77.77777777777779
R,ST,ST3272,-,100,100,0,-,1,0
R,ST,ST3274-1LV,-,100,100,0,-,2,0
R,ST,ST3274-2LV,-,100,100,0,-,1,0
R,ST,ST3278,0,100,50,0,100,2,50
R,ST,ST3293,-,100,100,0,-,1,0
R,ST,ST3296,-,100,100,0,-,1,0
R,ST,ST3299,100,0,100,100,0,1,100
R,ST,ST33,-,100,100,0,-,1,0
R,ST,ST3301,-,100,100,0,-,1,0
R,ST,ST3304,-,100,100,0,-,1,0
R,ST,ST3311,-,100,100,0,-,1,0
R,ST,ST3321,100,0,100,100,0,1,100
R,ST,ST3331-1LV,-,100,100,0,-,1,0
R,ST,ST3335,-,100,100,0,-,2,0
R,ST,ST334,80,40.909090909090914,64.91228070175438,59.09090909090909,20,57,61.40350877192983
R,ST,ST3345,-,100,100,0,-,18,0
R,ST,ST3350,0,100,0,0,100,1,100
R,ST,ST3353,-,100,100,0,-,2,0
R,ST,ST336,88.88888888888889,90.9090909090909,89.47368421052632,9.090909090909092,11.11111111111111,38,71.05263157894737
R,ST,ST3367,100,0,100,100,0,1,100
R,ST,ST3369,-,100,100,0,-,3,0
R,ST,ST337,100,100,100,0,0,15,20
R,ST,ST337-1LV,-,100,100,0,-,1,0
R,ST,ST3370,-,100,100,0,-,4,0
R,ST,ST338,-,100,100,0,-,1,0
R,ST,ST338-1LV,-,100,100,0,-,2,0
R,ST,ST338-4LV,-,100,100,0,-,1,0
R,ST,ST3380,-,100,100,0,-,1,0
R,ST,ST3385,-,100,100,0,-,2,0
R,ST,ST3387,-,100,100,0,-,1,0
R,ST,ST3392,100,0,100,100,0,2,100
R,ST,ST3395,-,100,100,0,-,1,0
R,ST,ST3398,-,100,100,0,-,2,0
R,ST,ST34,80,100,96.15384615384616,0,20,26,19.230769230769234
R,ST,ST34-1LV,-,100,100,0,-,1,0
R,ST,ST34-2LV,-,100,100,0,-,1,0
R,ST,ST340,100,0,100,100,0,39,100
R,ST,ST340-1LV,100,0,100,100,0,1,100
R,ST,ST3403,100,100,100,0,0,5,40
R,ST,ST3406-2LV,-,100,100,0,-,1,0
R,ST,ST3415,-,0,0,100,-,1,0
R,ST,ST3419,100,50,66.66666666666666,50,0,3,33.33333333333333
R,ST,ST342,-,100,100,0,-,3,0
R,ST,ST344-1LV,-,100,100,0,-,1,0
R,ST,ST344-2LV,-,100,100,0,-,1,0
R,ST,ST345,100,100,100,0,0,4,25
R,ST,ST3450,-,100,100,0,-,1,0
R,ST,ST347,94.73684210526315,85.71428571428571,93.10344827586206,14.285714285714285,5.263157894736842,116,81.89655172413794
R,ST,ST347-1LV,-,100,100,0,-,4,0
R,ST,ST3477,-,100,100,0,-,2,0
R,ST,ST3477-1LV,-,100,100,0,-,1,0
R,ST,ST348,80,85.18518518518519,82.97872340425532,14.814814814814813,20,47,42.5531914893617
R,ST,ST3480-1LV,-,100,100,0,-,1,0
R,ST,ST3483,100,0,100,100,0,1,100
R,ST,ST35,42.857142857142854,100,95.0920245398773,0,57.14285714285714,163,8.588957055214724
R,ST,ST35-1LV,100,100,100,0,0,2,50
R,ST,ST3506,-,100,100,0,-,2,0
R,ST,ST3507-2LV,-,100,100,0,-,1,0
R,ST,ST3516,-,100,100,0,-,1,0
R,ST,ST3516-1LV,100,0,100,100,0,1,100
R,ST,ST3525,-,100,100,0,-,1,0
R,ST,ST3526,100,100,100,0,0,2,50
R,ST,ST3527,100,0,100,100,0,1,100
R,ST,ST3529,-,100,100,0,-,2,0
R,ST,ST353,100,100,100,0,0,4,25
R,ST,ST3532,-,100,100,0,-,3,0
R,ST,ST3537,-,100,100,0,-,3,0
R,ST,ST3537-1LV,-,100,100,0,-,1,0
R,ST,ST3541,100,100,100,0,0,2,50
R,ST,ST355,-,100,100,0,-,22,0
R,ST,ST355-1LV,-,100,100,0,-,2,0
R,ST,ST355-2LV,-,100,100,0,-,1,0
R,ST,ST355-3LV,-,100,100,0,-,3,0
R,ST,ST356,100,100,100,0,0,2,50
R,ST,ST3565,-,100,100,0,-,1,0
R,ST,ST357,-,100,100,0,-,12,0
R,ST,ST3573,-,100,100,0,-,4,0
R,ST,ST3578,0,100,0,0,100,1,100
R,ST,ST3586,-,100,100,0,-,3,0
R,ST,ST359,100,100,100,0,0,17,47.05882352941176
R,ST,ST36,72.22222222222221,100,93.05555555555556,0,27.77777777777778,72,25
R,ST,ST360,-,100,100,0,-,13,0
R,ST,ST360-2LV,-,100,100,0,-,1,0
R,ST,ST360-3LV,-,100,100,0,-,1,0
R,ST,ST361-1LV,-,100,100,0,-,1,0
R,ST,ST361-2LV,-,0,0,100,-,1,0
R,ST,ST3614,-,100,100,0,-,1,0
R,ST,ST363,-,100,100,0,-,9,0
R,ST,ST363-1LV,-,100,100,0,-,4,0
R,ST,ST363-2LV,-,100,100,0,-,1,0
R,ST,ST3630,100,0,100,100,0,1,100
R,ST,ST3639,-,100,100,0,-,1,0
R,ST,ST3640,-,100,100,0,-,1,0
R,ST,ST3642,-,100,100,0,-,1,0
R,ST,ST3647,-,100,100,0,-,1,0
R,ST,ST3649,-,100,100,0,-,5,0
R,ST,ST365,100,0,100,100,0,1,100
R,ST,ST365-1LV,-,100,100,0,-,1,0
R,ST,ST3655,0,94.73684210526315,85.71428571428571,5.263157894736842,100,21,9.523809523809524
R,ST,ST3656,-,100,100,0,-,2,0
R,ST,ST3658,-,100,100,0,-,1,0
R,ST,ST3659,-,100,100,0,-,5,0
R,ST,ST366,-,100,100,0,-,1,0
R,ST,ST3660,-,100,100,0,-,7,0
R,ST,ST3661,0,100,0,0,100,1,100
R,ST,ST3663,-,100,100,0,-,2,0
R,ST,ST3669,-,100,100,0,-,3,0
R,ST,ST367,-,100,100,0,-,2,0
R,ST,ST3675,-,100,100,0,-,1,0
R,ST,ST368,-,100,100,0,-,1,0
R,ST,ST368-3LV,-,100,100,0,-,1,0
R,ST,ST3688,-,100,100,0,-,1,0
R,ST,ST3689,-,100,100,0,-,1,0
R,ST,ST369,-,100,100,0,-,1,0
R,ST,ST369-1LV,-,100,100,0,-,1,0
R,ST,ST3691,100,100,100,0,0,2,50
R,ST,ST3692,-,100,100,0,-,4,0
R,ST,ST3697,100,0,87.5,100,0,16,87.5
R,ST,ST3698,-,100,100,0,-,1,0
R,ST,ST3699,0,100,33.33333333333333,0,100,3,66.66666666666666
R,ST,ST37,82.1917808219178,98.17073170731707,93.24894514767934,1.8292682926829267,17.80821917808219,237,30.801687763713083
R,ST,ST37-1LV,100,100,100,0,0,3,33.33333333333333
R,ST,ST370,-,100,100,0,-,9,0
R,ST,ST3700,-,100,100,0,-,1,0
R,ST,ST3701,-,100,100,0,-,1,0
R,ST,ST3702,-,100,100,0,-,1,0
R,ST,ST3703,-,100,100,0,-,1,0
R,ST,ST3704,-,100,100,0,-,1,0
R,ST,ST3705,100,100,100,0,0,2,50
R,ST,ST3706,-,100,100,0,-,1,0
R,ST,ST3707,100,0,100,100,0,1,100
R,ST,ST3708,100,0,100,100,0,1,100
R,ST,ST3709,100,0,100,100,0,1,100
R,ST,ST3710,100,0,100,100,0,1,100
R,ST,ST3711,-,100,100,0,-,1,0
R,ST,ST3712,100,0,100,100,0,1,100
R,ST,ST3713,100,0,100,100,0,1,100
R,ST,ST3714,-,100,100,0,-,1,0
R,ST,ST3715,-,100,100,0,-,1,0
R,ST,ST3716,100,0,100,100,0,1,100
R,ST,ST372,100,100,100,0,0,4,75
R,ST,ST375,100,100,100,0,0,6,16.666666666666664
R,ST,ST375-1LV,-,100,100,0,-,1,0
R,ST,ST3767,-,100,100,0,-,1,0
R,ST,ST377,100,0,100,100,0,3,100
R,ST,ST378,100,0,50,100,0,2,50
R,ST,ST38,100,0,92.85714285714286,100,0,14,92.85714285714286
R,ST,ST380,0,100,87.5,0,100,8,12.5
R,ST,ST3801,100,0,100,100,0,1,100
R,ST,ST3805,100,0,100,100,0,7,100
R,ST,ST3806,100,0,100,100,0,2,100
R,ST,ST3807,-,100,100,0,-,1,0
R,ST,ST3811,100,0,100,100,0,2,100
R,ST,ST3815,-,100,100,0,-,1,0
R,ST,ST382,-,100,100,0,-,1,0
R,ST,ST3822,-,100,100,0,-,1,0
R,ST,ST3827,-,100,100,0,-,3,0
R,ST,ST383,100,0,100,100,0,6,100
R,ST,ST3833,-,100,100,0,-,2,0
R,ST,ST384,100,100,100,0,0,4,25
R,ST,ST3849,-,100,100,0,-,1,0
R,ST,ST3858,-,100,100,0,-,1,0
R,ST,ST386,-,100,100,0,-,1,0
R,ST,ST3864,-,100,100,0,-,1,0
R,ST,ST3865,-,100,100,0,-,1,0
R,ST,ST3865-1LV,-,100,100,0,-,2,0
R,ST,ST3865-2LV,-,100,100,0,-,2,0
R,ST,ST3866-1LV,-,100,100,0,-,1,0
R,ST,ST3876,-,100,100,0,-,1,0
R,ST,ST3876-1LV,-,100,100,0,-,1,0
R,ST,ST3878,-,100,100,0,-,1,0
R,ST,ST388,-,100,100,0,-,2,0
R,ST,ST3898,-,100,100,0,-,1,0
R,ST,ST3899,100,100,100,0,0,4,75
R,ST,ST39,95.45454545454545,90.9090909090909,93.18181818181817,9.090909090909092,4.545454545454546,44,50
R,ST,ST39-1LV,-,100,100,0,-,1,0
R,ST,ST391,100,100,100,0,0,13,15.384615384615385
R,ST,ST3919,-,100,100,0,-,1,0
R,ST,ST392,100,0,100,100,0,74,100
R,ST,ST392-1LV,100,0,100,100,0,1,100
R,ST,ST3921,-,100,100,0,-,1,0
R,ST,ST3924,-,85.71428571428571,85.71428571428571,14.285714285714285,-,7,0
R,ST,ST3928-1LV,-,100,100,0,-,1,0
R,ST,ST393,100,0,100,100,0,1,100
R,ST,ST3932-1LV,-,100,100,0,-,1,0
R,ST,ST3937,-,100,100,0,-,4,0
R,ST,ST3938,-,100,100,0,-,2,0
R,ST,ST394,50,100,87.5,0,50,8,25
R,ST,ST394-1LV,100,0,100,100,0,1,100
R,ST,ST3948,-,100,100,0,-,1,0
R,ST,ST395,100,0,96.42857142857143,100,0,84,96.42857142857143
R,ST,ST395-1LV,100,0,100,100,0,1,100
R,ST,ST3951,-,100,100,0,-,1,0
R,ST,ST3953,-,100,100,0,-,2,0
R,ST,ST3955,0,100,0,0,100,1,100
R,ST,ST3964,-,100,100,0,-,1,0
R,ST,ST3967,-,100,100,0,-,1,0
R,ST,ST3968,-,100,100,0,-,1,0
R,ST,ST3969,-,100,100,0,-,1,0
R,ST,ST397,88.88888888888889,100,91.66666666666666,0,11.11111111111111,12,75
R,ST,ST3970,-,100,100,0,-,1,0
R,ST,ST3971,-,100,100,0,-,2,0
R,ST,ST3973,-,100,100,0,-,1,0
R,ST,ST3974,-,100,100,0,-,5,0
R,ST,ST3975,-,100,100,0,-,1,0
R,ST,ST3976,-,100,100,0,-,1,0
R,ST,ST3977,-,100,100,0,-,2,0
R,ST,ST3979,-,100,100,0,-,1,0
R,ST,ST398,-,100,100,0,-,1,0
R,ST,ST3980-1LV,100,100,100,0,0,2,50
R,ST,ST3981,-,100,100,0,-,1,0
R,ST,ST3982,-,100,100,0,-,1,0
R,ST,ST3983,-,100,100,0,-,1,0
R,ST,ST399,-,100,100,0,-,1,0
R,ST,ST3991,-,100,100,0,-,1,0
R,ST,ST4,100,100,100,0,0,6,66.66666666666666
R,ST,ST40,66.66666666666666,100,83.33333333333334,0,33.33333333333333,6,50
R,ST,ST4007,-,100,100,0,-,2,0
R,ST,ST4009,-,100,100,0,-,1,0
R,ST,ST4010,-,100,100,0,-,1,0
R,ST,ST4011,-,100,100,0,-,1,0
R,ST,ST4023,100,0,100,100,0,1,100
R,ST,ST4024,-,100,100,0,-,1,0
R,ST,ST403,100,100,100,0,0,3,33.33333333333333
R,ST,ST4033,-,100,100,0,-,1,0
R,ST,ST4035,-,100,100,0,-,1,0
R,ST,ST4039,-,100,100,0,-,1,0
R,ST,ST404,-,100,100,0,-,1,0
R,ST,ST4043,-,100,100,0,-,1,0
R,ST,ST4043-1LV,-,100,100,0,-,2,0
R,ST,ST4045,-,100,100,0,-,1,0
R,ST,ST405,100,100,100,0,0,27,70.37037037037037
R,ST,ST4066,-,100,100,0,-,2,0
R,ST,ST4067,-,100,100,0,-,1,0
R,ST,ST4069,100,0,100,100,0,1,100
R,ST,ST4070,-,100,100,0,-,1,0
R,ST,ST4071,-,100,100,0,-,2,0
R,ST,ST4073,-,100,100,0,-,2,0
R,ST,ST4074,-,100,100,0,-,3,0
R,ST,ST4075,-,100,100,0,-,1,0
R,ST,ST4076,-,100,100,0,-,1,0
R,ST,ST408,100,0,100,100,0,1,100
R,ST,ST4087,-,100,100,0,-,2,0
R,ST,ST4093,-,100,100,0,-,1,0
R,ST,ST4096,-,100,100,0,-,1,0
R,ST,ST4097,0,100,0,0,100,1,100
R,ST,ST4102,-,100,100,0,-,1,0
R,ST,ST4106,-,100,100,0,-,1,0
R,ST,ST4107,-,100,100,0,-,1,0
R,ST,ST4110,-,100,100,0,-,4,0
R,ST,ST4112,-,100,100,0,-,1,0
R,ST,ST4113,-,0,0,100,-,1,0
R,ST,ST4115,-,100,100,0,-,1,0
R,ST,ST4117-2LV,-,100,100,0,-,1,0
R,ST,ST4118-2LV,-,100,100,0,-,1,0
R,ST,ST412,0,100,85.71428571428571,0,100,14,14.285714285714285
R,ST,ST412-1LV,-,100,100,0,-,1,0
R,ST,ST4126,-,100,100,0,-,1,0
R,ST,ST414,0,100,80,0,100,5,20
R,ST,ST414-2LV,-,100,100,0,-,1,0
R,ST,ST4146,-,100,100,0,-,5,0
R,ST,ST4147,-,100,100,0,-,1,0
R,ST,ST4149,-,100,100,0,-,1,0
R,ST,ST4150,-,100,100,0,-,1,0
R,ST,ST4152,-,100,100,0,-,1,0
R,ST,ST4153,-,100,100,0,-,1,0
R,ST,ST4155,-,100,100,0,-,1,0
R,ST,ST4156,-,100,100,0,-,1,0
R,ST,ST4157,-,100,100,0,-,2,0
R,ST,ST4158,-,100,100,0,-,1,0
R,ST,ST416,0,100,75,0,100,12,25
R,ST,ST4160,-,100,100,0,-,1,0
R,ST,ST4165,-,100,100,0,-,1,0
R,ST,ST4166,-,100,100,0,-,1,0
R,ST,ST4167,-,100,100,0,-,2,0
R,ST,ST4168,-,100,100,0,-,1,0
R,ST,ST4170,-,100,100,0,-,1,0
R,ST,ST4173,-,100,100,0,-,1,0
R,ST,ST4174,-,100,100,0,-,7,0
R,ST,ST4175,-,100,100,0,-,3,0
R,ST,ST4177,-,100,100,0,-,1,0
R,ST,ST4178,-,100,100,0,-,3,0
R,ST,ST4179,-,100,100,0,-,1,0
R,ST,ST418,100,0,100,100,0,2,100
R,ST,ST4180,-,100,100,0,-,1,0
R,ST,ST4181,-,100,100,0,-,1,0
R,ST,ST4181-1LV,-,100,100,0,-,1,0
R,ST,ST4182,-,100,100,0,-,1,0
R,ST,ST4183,-,100,100,0,-,1,0
R,ST,ST4184,-,100,100,0,-,1,0
R,ST,ST4185,-,100,100,0,-,1,0
R,ST,ST4186,-,100,100,0,-,1,0
R,ST,ST4190,-,100,100,0,-,1,0
R,ST,ST4191,-,100,100,0,-,1,0
R,ST,ST4192,-,100,100,0,-,1,0
R,ST,ST4193,-,100,100,0,-,1,0
R,ST,ST4194,-,100,100,0,-,1,0
R,ST,ST4194-1LV,-,100,100,0,-,1,0
R,ST,ST4195,-,100,100,0,-,1,0
R,ST,ST4196,-,100,100,0,-,1,0
R,ST,ST4197,-,100,100,0,-,1,0
R,ST,ST4198,-,100,100,0,-,2,0
R,ST,ST4199,-,100,100,0,-,3,0
R,ST,ST42,91.66666666666666,100,94.44444444444444,0,8.333333333333332,18,66.66666666666666
R,ST,ST42-1LV,100,100,100,0,0,3,66.66666666666666
R,ST,ST42-2LV,-,100,100,0,-,1,0
R,ST,ST420,50,100,85.71428571428571,0,50,7,28.57142857142857
R,ST,ST4200,-,100,100,0,-,1,0
R,ST,ST4202,-,100,100,0,-,1,0
R,ST,ST4207,-,100,100,0,-,1,0
R,ST,ST4208,-,100,100,0,-,1,0
R,ST,ST4210,-,100,100,0,-,1,0
R,ST,ST4212,-,100,100,0,-,1,0
R,ST,ST4213,-,100,100,0,-,1,0
R,ST,ST4215,-,100,100,0,-,1,0
R,ST,ST4216,-,100,100,0,-,1,0
R,ST,ST4219,-,100,100,0,-,1,0
R,ST,ST422,-,100,100,0,-,1,0
R,ST,ST4220,-,100,100,0,-,1,0
R,ST,ST4221,-,100,100,0,-,1,0
R,ST,ST4222,-,100,100,0,-,1,0
R,ST,ST4223,-,100,100,0,-,2,0
R,ST,ST4227,-,100,100,0,-,1,0
R,ST,ST423,100,100,100,0,0,7,14.285714285714285
R,ST,ST423-1LV,-,100,100,0,-,1,0
R,ST,ST4232,-,100,100,0,-,1,0
R,ST,ST4235,-,100,100,0,-,1,0
R,ST,ST4236,-,100,100,0,-,1,0
R,ST,ST4237,-,100,100,0,-,1,0
R,ST,ST4239,-,100,100,0,-,1,0
R,ST,ST4240,-,0,0,100,-,2,0
R,ST,ST4242,-,100,100,0,-,2,0
R,ST,ST4244,-,100,100,0,-,1,0
R,ST,ST4246,-,100,100,0,-,1,0
R,ST,ST4247,-,100,100,0,-,1,0
R,ST,ST4248,-,100,100,0,-,3,0
R,ST,ST4253,100,100,100,0,0,5,20
R,ST,ST4255,-,100,100,0,-,4,0
R,ST,ST4256,-,100,100,0,-,1,0
R,ST,ST4259,-,100,100,0,-,2,0
R,ST,ST4260,-,100,100,0,-,1,0
R,ST,ST4262,100,100,100,0,0,5,80
R,ST,ST4264,-,100,100,0,-,1,0
R,ST,ST4265,-,100,100,0,-,1,0
R,ST,ST4266,-,100,100,0,-,1,0
R,ST,ST4267,-,100,100,0,-,3,0
R,ST,ST4268,100,0,50,100,0,2,50
R,ST,ST427,-,100,100,0,-,2,0
R,ST,ST4270,-,100,100,0,-,1,0
R,ST,ST4272,-,100,100,0,-,1,0
R,ST,ST4273,-,100,100,0,-,1,0
R,ST,ST4274,-,100,100,0,-,1,0
R,ST,ST4275,-,100,100,0,-,1,0
R,ST,ST4276,-,100,100,0,-,1,0
R,ST,ST4278,-,100,100,0,-,1,0
R,ST,ST4280,-,100,100,0,-,1,0
R,ST,ST4282,-,100,100,0,-,1,0
R,ST,ST4283,-,100,100,0,-,1,0
R,ST,ST4284,-,100,100,0,-,1,0
R,ST,ST4285,-,100,100,0,-,1,0
R,ST,ST4286,-,100,100,0,-,1,0
R,ST,ST4287,-,100,100,0,-,1,0
R,ST,ST4288,-,100,100,0,-,1,0
R,ST,ST429,100,100,100,0,0,5,40
R,ST,ST4290,-,100,100,0,-,1,0
R,ST,ST4291,-,100,100,0,-,3,0
R,ST,ST4292,-,100,100,0,-,1,0
R,ST,ST4294,-,100,100,0,-,1,0
R,ST,ST4295,-,100,100,0,-,3,0
R,ST,ST4296,-,100,100,0,-,1,0
R,ST,ST4297,-,100,100,0,-,1,0
R,ST,ST4299,-,100,100,0,-,1,0
R,ST,ST43,100,85.71428571428571,91.66666666666666,14.285714285714285,0,12,41.66666666666667
R,ST,ST4300,-,100,100,0,-,2,0
R,ST,ST4301,-,100,100,0,-,1,0
R,ST,ST4301-3LV,-,100,100,0,-,1,0
R,ST,ST4302,-,100,100,0,-,1,0
R,ST,ST4303,-,100,100,0,-,1,0
R,ST,ST4304,-,100,100,0,-,1,0
R,ST,ST4306,-,100,100,0,-,1,0
R,ST,ST4307,-,100,100,0,-,1,0
R,ST,ST4308,-,100,100,0,-,1,0
R,ST,ST4309,-,100,100,0,-,1,0
R,ST,ST4310,-,100,100,0,-,1,0
R,ST,ST4311,-,100,100,0,-,1,0
R,ST,ST4312,-,100,100,0,-,2,0
R,ST,ST4313,-,100,100,0,-,3,0
R,ST,ST4314,-,100,100,0,-,2,0
R,ST,ST4315,-,100,100,0,-,1,0
R,ST,ST4316,-,100,100,0,-,1,0
R,ST,ST4317,-,100,100,0,-,1,0
R,ST,ST4318,-,100,100,0,-,1,0
R,ST,ST432,-,100,100,0,-,10,0
R,ST,ST4321,-,100,100,0,-,1,0
R,ST,ST4322,-,100,100,0,-,1,0
R,ST,ST4323,-,100,100,0,-,1,0
R,ST,ST4324-3LV,-,100,100,0,-,1,0
R,ST,ST4326,-,100,100,0,-,1,0
R,ST,ST4329,-,100,100,0,-,1,0
R,ST,ST433,-,100,100,0,-,2,0
R,ST,ST4330,-,100,100,0,-,1,0
R,ST,ST4331,-,100,100,0,-,1,0
R,ST,ST4332,-,100,100,0,-,1,0
R,ST,ST4335,100,0,100,100,0,1,100
R,ST,ST4336,-,100,100,0,-,3,0
R,ST,ST4337,-,100,100,0,-,1,0
R,ST,ST4339,-,100,100,0,-,1,0
R,ST,ST4341,-,100,100,0,-,1,0
R,ST,ST4342,-,100,100,0,-,1,0
R,ST,ST4343,-,100,100,0,-,7,0
R,ST,ST4344,-,100,100,0,-,1,0
R,ST,ST4345,-,100,100,0,-,5,0
R,ST,ST4346,-,100,100,0,-,1,0
R,ST,ST4347,-,100,100,0,-,1,0
R,ST,ST4349,-,100,100,0,-,1,0
R,ST,ST4351,-,100,100,0,-,1,0
R,ST,ST4352,-,100,100,0,-,1,0
R,ST,ST4353,-,100,100,0,-,1,0
R,ST,ST4355,-,100,100,0,-,1,0
R,ST,ST4356,-,100,100,0,-,5,0
R,ST,ST4357,-,100,100,0,-,1,0
R,ST,ST4358,-,100,100,0,-,4,0
R,ST,ST436,-,100,100,0,-,1,0
R,ST,ST4360,-,100,100,0,-,1,0
R,ST,ST4361,-,100,100,0,-,1,0
R,ST,ST4364,-,100,100,0,-,2,0
R,ST,ST4365,-,100,100,0,-,2,0
R,ST,ST4366,-,100,100,0,-,2,0
R,ST,ST4366-1LV,-,100,100,0,-,1,0
R,ST,ST4367,-,100,100,0,-,1,0
R,ST,ST4369,-,100,100,0,-,1,0
R,ST,ST437,100,0,97.72727272727273,100,0,44,97.72727272727273
R,ST,ST4373,-,100,100,0,-,1,0
R,ST,ST4374,-,100,100,0,-,1,0
R,ST,ST4375,-,100,100,0,-,1,0
R,ST,ST4376,-,100,100,0,-,1,0
R,ST,ST4377,-,100,100,0,-,1,0
R,ST,ST4379,-,100,100,0,-,1,0
R,ST,ST4380,-,100,100,0,-,1,0
R,ST,ST4381,-,100,100,0,-,3,0
R,ST,ST4382,-,100,100,0,-,1,0
R,ST,ST4384,-,100,100,0,-,1,0
R,ST,ST4386,-,100,100,0,-,2,0
R,ST,ST4387,-,100,100,0,-,1,0
R,ST,ST4388,-,100,100,0,-,1,0
R,ST,ST4390,-,100,100,0,-,1,0
R,ST,ST4391,-,0,0,100,-,1,0
R,ST,ST4394,-,100,100,0,-,1,0
R,ST,ST4396,-,100,100,0,-,1,0
R,ST,ST4397,-,100,100,0,-,1,0
R,ST,ST4399,-,100,100,0,-,1,0
R,ST,ST44,-,100,100,0,-,3,0
R,ST,ST4403,-,100,100,0,-,1,0
R,ST,ST4408,-,100,100,0,-,1,0
R,ST,ST441,100,100,100,0,0,13,23.076923076923077
R,ST,ST441-1LV,100,0,100,100,0,1,100
R,ST,ST4410,100,0,100,100,0,1,100
R,ST,ST4411,-,100,100,0,-,1,0
R,ST,ST442,100,100,100,0,0,8,75
R,ST,ST442-1LV,-,100,100,0,-,1,0
R,ST,ST4427,100,100,100,0,0,3,33.33333333333333
R,ST,ST443,-,100,100,0,-,2,0
R,ST,ST4434,-,100,100,0,-,1,0
R,ST,ST4435,-,100,100,0,-,1,0
R,ST,ST4439,-,100,100,0,-,1,0
R,ST,ST4442,-,100,100,0,-,2,0
R,ST,ST4448-1LV,-,100,100,0,-,1,0
R,ST,ST4459,-,100,100,0,-,1,0
R,ST,ST446-3LV,100,0,100,100,0,1,100
R,ST,ST448,0,100,0,0,100,1,100
R,ST,ST449,-,71.42857142857143,71.42857142857143,28.57142857142857,-,7,0
R,ST,ST45,81.70731707317073,93.75,89.38053097345133,6.25,18.29268292682927,226,36.283185840707965
R,ST,ST45-1LV,100,100,100,0,0,2,50
R,ST,ST4503,100,0,100,100,0,1,100
R,ST,ST4513,-,0,0,100,-,1,0
R,ST,ST4527,-,100,100,0,-,1,0
R,ST,ST454,100,100,100,0,0,9,22.22222222222222
R,ST,ST454-1LV,-,100,100,0,-,1,0
R,ST,ST4551,-,100,100,0,-,1,0
R,ST,ST4553,-,100,100,0,-,2,0
R,ST,ST4555-1LV,-,100,100,0,-,1,0
R,ST,ST4558,-,100,100,0,-,6,0
R,ST,ST4567,-,100,100,0,-,2,0
R,ST,ST458,-,100,100,0,-,7,0
R,ST,ST4583,-,100,100,0,-,1,0
R,ST,ST4584,-,100,100,0,-,2,0
R,ST,ST4585,-,100,100,0,-,2,0
R,ST,ST4586,-,100,100,0,-,1,0
R,ST,ST4587,-,100,100,0,-,2,0
R,ST,ST4588,-,100,100,0,-,1,0
R,ST,ST4589,-,100,100,0,-,1,0
R,ST,ST459,0,100,0,0,100,1,100
R,ST,ST4590,-,100,100,0,-,1,0
R,ST,ST4591,-,100,100,0,-,2,0
R,ST,ST4592,-,100,100,0,-,1,0
R,ST,ST4593,-,100,100,0,-,1,0
R,ST,ST4594,-,100,100,0,-,1,0
R,ST,ST4595,-,100,100,0,-,2,0
R,ST,ST4595-2LV,-,100,100,0,-,1,0
R,ST,ST4596,-,100,100,0,-,1,0
R,ST,ST4597,-,100,100,0,-,1,0
R,ST,ST4598,-,100,100,0,-,2,0
R,ST,ST4599,-,100,100,0,-,1,0
R,ST,ST46,100,100,100,0,0,12,8.333333333333332
R,ST,ST460,-,100,100,0,-,1,0
R,ST,ST460-3LV,-,100,100,0,-,1,0
R,ST,ST4600,-,100,100,0,-,1,0
R,ST,ST4601,-,100,100,0,-,1,0
R,ST,ST4603,-,100,100,0,-,1,0
R,ST,ST4604,-,100,100,0,-,1,0
R,ST,ST4605,-,100,100,0,-,3,0
R,ST,ST4606,-,100,100,0,-,1,0
R,ST,ST4607,-,100,100,0,-,2,0
R,ST,ST4608,-,100,100,0,-,1,0
R,ST,ST4609,-,100,100,0,-,1,0
R,ST,ST461,100,100,100,0,0,39,2.564102564102564
R,ST,ST4610,-,100,100,0,-,2,0
R,ST,ST4611,-,100,100,0,-,1,0
R,ST,ST4612,-,100,100,0,-,1,0
R,ST,ST4612-1LV,-,100,100,0,-,1,0
R,ST,ST4613,-,100,100,0,-,1,0
R,ST,ST4614,-,100,100,0,-,1,0
R,ST,ST4615,-,100,100,0,-,3,0
R,ST,ST4616,-,100,100,0,-,1,0
R,ST,ST4617,-,100,100,0,-,1,0
R,ST,ST4618,-,100,100,0,-,2,0
R,ST,ST4619,-,100,100,0,-,1,0
R,ST,ST462,100,100,100,0,0,8,87.5
R,ST,ST4620,-,100,100,0,-,1,0
R,ST,ST4620-2LV,-,100,100,0,-,1,0
R,ST,ST4621,-,100,100,0,-,1,0
R,ST,ST4622,-,100,100,0,-,1,0
R,ST,ST4623,-,100,100,0,-,1,0
R,ST,ST4624,-,100,100,0,-,1,0
R,ST,ST4625,-,100,100,0,-,1,0
R,ST,ST4626,-,100,100,0,-,1,0
R,ST,ST4627,-,100,100,0,-,2,0
R,ST,ST4628,-,100,100,0,-,1,0
R,ST,ST4629,-,100,100,0,-,1,0
R,ST,ST463,-,100,100,0,-,6,0
R,ST,ST4630,-,100,100,0,-,1,0
R,ST,ST4631,-,100,100,0,-,1,0
R,ST,ST4632,-,100,100,0,-,1,0
R,ST,ST4633,-,100,100,0,-,1,0
R,ST,ST4634,-,0,0,100,-,1,0
R,ST,ST4635,-,100,100,0,-,1,0
R,ST,ST4636,-,100,100,0,-,1,0
R,ST,ST4637,-,100,100,0,-,1,0
R,ST,ST4638,-,100,100,0,-,1,0
R,ST,ST4639,-,100,100,0,-,1,0
R,ST,ST464,100,66.66666666666666,90,33.33333333333333,0,10,70
R,ST,ST464-1LV,100,0,100,100,0,1,100
R,ST,ST4640,-,100,100,0,-,1,0
R,ST,ST4641,-,100,100,0,-,1,0
R,ST,ST4642,-,100,100,0,-,2,0
R,ST,ST4643,-,100,100,0,-,1,0
R,ST,ST4644,-,100,100,0,-,1,0
R,ST,ST4645,-,100,100,0,-,1,0
R,ST,ST4646,-,100,100,0,-,1,0
R,ST,ST4647,-,100,100,0,-,1,0
R,ST,ST4648,-,100,100,0,-,1,0
R,ST,ST4649,-,100,100,0,-,1,0
R,ST,ST465,-,100,100,0,-,3,0
R,ST,ST4650,-,100,100,0,-,1,0
R,ST,ST4651,-,100,100,0,-,1,0
R,ST,ST4652,-,100,100,0,-,5,0
R,ST,ST4653,-,100,100,0,-,1,0
R,ST,ST4654,-,100,100,0,-,1,0
R,ST,ST4655,-,100,100,0,-,1,0
R,ST,ST4656,-,100,100,0,-,1,0
R,ST,ST4657,-,100,100,0,-,2,0
R,ST,ST4658,-,100,100,0,-,1,0
R,ST,ST4659,-,100,100,0,-,1,0
R,ST,ST466,-,100,100,0,-,4,0
R,ST,ST4660,-,100,100,0,-,1,0
R,ST,ST4661,-,100,100,0,-,1,0
R,ST,ST4662,-,100,100,0,-,1,0
R,ST,ST4663,-,100,100,0,-,1,0
R,ST,ST4664,-,100,100,0,-,1,0
R,ST,ST4665,-,100,100,0,-,3,0
R,ST,ST4666,-,100,100,0,-,1,0
R,ST,ST4667,-,100,100,0,-,1,0
R,ST,ST4668,-,100,100,0,-,1,0
R,ST,ST4669,-,100,100,0,-,1,0
R,ST,ST467,-,100,100,0,-,1,0
R,ST,ST467-1LV,-,100,100,0,-,1,0
R,ST,ST467-3LV,-,100,100,0,-,1,0
R,ST,ST4670,-,100,100,0,-,2,0
R,ST,ST4675,-,100,100,0,-,1,0
R,ST,ST4680,-,100,100,0,-,1,0
R,ST,ST4683,-,0,0,100,-,1,0
R,ST,ST469,9.090909090909092,100,37.5,0,90.9090909090909,16,68.75
R,ST,ST4704,-,100,100,0,-,1,0
R,ST,ST4705,-,100,100,0,-,1,0
R,ST,ST4706,-,100,100,0,-,1,0
R,ST,ST4707,-,100,100,0,-,1,0
R,ST,ST4708,-,100,100,0,-,1,0
R,ST,ST4709,-,100,100,0,-,2,0
R,ST,ST471,100,0,100,100,0,2,100
R,ST,ST4710,-,100,100,0,-,18,0
R,ST,ST4712,-,100,100,0,-,1,0
R,ST,ST4713,-,100,100,0,-,2,0
R,ST,ST4714,-,100,100,0,-,1,0
R,ST,ST4715,-,100,100,0,-,3,0
R,ST,ST4716,-,100,100,0,-,1,0
R,ST,ST4717,-,100,100,0,-,2,0
R,ST,ST4718,-,100,100,0,-,1,0
R,ST,ST4719,-,100,100,0,-,6,0
R,ST,ST4720,-,100,100,0,-,1,0
R,ST,ST4721,-,100,100,0,-,3,0
R,ST,ST4722,-,100,100,0,-,4,0
R,ST,ST4723,-,100,100,0,-,1,0
R,ST,ST4724,-,100,100,0,-,1,0
R,ST,ST4725,-,100,100,0,-,2,0
R,ST,ST4726,-,100,100,0,-,4,0
R,ST,ST4727,-,100,100,0,-,1,0
R,ST,ST4728,-,100,100,0,-,3,0
R,ST,ST4729,-,100,100,0,-,2,0
R,ST,ST4730,-,100,100,0,-,2,0
R,ST,ST4731,-,100,100,0,-,2,0
R,ST,ST474,-,100,100,0,-,3,0
R,ST,ST4742,-,100,100,0,-,1,0
R,ST,ST4748,100,0,100,100,0,3,100
R,ST,ST475,-,100,100,0,-,2,0
R,ST,ST4756,-,100,100,0,-,2,0
R,ST,ST476,100,0,100,100,0,2,100
R,ST,ST4760,100,0,100,100,0,2,100
R,ST,ST4761,100,0,100,100,0,1,100
R,ST,ST477,100,100,100,0,0,4,75
R,ST,ST4770,100,0,100,100,0,1,100
R,ST,ST4774-3LV,-,100,100,0,-,1,0
R,ST,ST479,-,100,100,0,-,1,0
R,ST,ST48,86.04651162790698,83.33333333333334,85.45454545454545,16.666666666666664,13.953488372093023,55,78.18181818181819
R,ST,ST480,-,100,100,0,-,2,0
R,ST,ST480-2LV,-,100,100,0,-,11,0
R,ST,ST4805,-,0,0,100,-,1,0
R,ST,ST4808,0,100,0,0,100,1,100
R,ST,ST4817,-,100,100,0,-,1,0
R,ST,ST4822,100,0,100,100,0,1,100
R,ST,ST4828,-,100,100,0,-,1,0
R,ST,ST483,-,100,100,0,-,2,0
R,ST,ST4839,100,0,100,100,0,1,100
R,ST,ST484,-,0,0,100,-,1,0
R,ST,ST4840,-,100,100,0,-,1,0
R,ST,ST4841,100,0,100,100,0,2,100
R,ST,ST4843,100,0,100,100,0,3,100
R,ST,ST4849,-,100,100,0,-,1,0
R,ST,ST485,83.33333333333334,96.66666666666667,94.44444444444444,3.3333333333333335,16.666666666666664,36,16.666666666666664
R,ST,ST485-1LV,-,100,100,0,-,3,0
R,ST,ST4851,100,0,100,100,0,2,100
R,ST,ST4853,100,0,100,100,0,1,100
R,ST,ST4857,-,100,100,0,-,1,0
R,ST,ST4859,-,100,100,0,-,2,0
R,ST,ST4860,-,100,100,0,-,2,0
R,ST,ST4864,-,100,100,0,-,1,0
R,ST,ST4866,-,100,100,0,-,2,0
R,ST,ST4872,-,100,100,0,-,1,0
R,ST,ST4879,-,100,100,0,-,1,0
R,ST,ST4880,-,100,100,0,-,1,0
R,ST,ST4888,-,100,100,0,-,1,0
R,ST,ST489,-,100,100,0,-,1,0
R,ST,ST4895,-,100,100,0,-,1,0
R,ST,ST49,100,100,100,0,0,8,50
R,ST,ST490,75,33.33333333333333,42.10526315789473,66.66666666666666,25,19,21.052631578947366
R,ST,ST4907-1LV,-,100,100,0,-,1,0
R,ST,ST491,0,100,90,0,100,10,10
R,ST,ST4910,0,100,50,0,100,2,50
R,ST,ST492,100,100,100,0,0,8,87.5
R,ST,ST4922,-,100,100,0,-,1,0
R,ST,ST494,-,100,100,0,-,1,0
R,ST,ST4948,100,0,100,100,0,1,100
R,ST,ST496,0,100,83.33333333333334,0,100,6,16.666666666666664
R,ST,ST496-1LV,-,100,100,0,-,1,0
R,ST,ST497,100,0,100,100,0,1,100
R,ST,ST497-1LV,-,100,100,0,-,1,0
R,ST,ST4987,100,0,100,100,0,1,100
R,ST,ST499,-,100,100,0,-,1,0
R,ST,ST4990,0,100,0,0,100,1,100
R,ST,ST4999,-,100,100,0,-,2,0
R,ST,ST5,100,100,100,0,0,2,50
R,ST,ST500,100,100,100,0,0,3,33.33333333333333
R,ST,ST5009,-,100,100,0,-,3,0
R,ST,ST5010,-,100,100,0,-,2,0
R,ST,ST502,100,100,100,0,0,11,36.36363636363637
R,ST,ST5022,100,0,100,100,0,1,100
R,ST,ST5023,100,0,100,100,0,3,100
R,ST,ST504,-,100,100,0,-,1,0
R,ST,ST505,-,100,100,0,-,2,0
R,ST,ST5056,-,100,100,0,-,1,0
R,ST,ST5057,-,100,100,0,-,1,0
R,ST,ST5065,-,100,100,0,-,1,0
R,ST,ST5078,-,100,100,0,-,1,0
R,ST,ST5079,-,100,100,0,-,2,0
R,ST,ST5080,-,0,0,100,-,1,0
R,ST,ST5081,-,100,100,0,-,14,0
R,ST,ST5082,-,100,100,0,-,1,0
R,ST,ST5083,-,100,100,0,-,2,0
R,ST,ST5084,-,100,100,0,-,1,0
R,ST,ST5085,-,100,100,0,-,1,0
R,ST,ST5086,-,100,100,0,-,1,0
R,ST,ST5087,-,100,100,0,-,3,0
R,ST,ST5089,-,100,100,0,-,1,0
R,ST,ST5090,-,100,100,0,-,1,0
R,ST,ST5091,-,100,100,0,-,1,0
R,ST,ST5092,-,100,100,0,-,1,0
R,ST,ST5093,-,100,100,0,-,7,0
R,ST,ST5094,-,100,100,0,-,1,0
R,ST,ST5095,-,100,100,0,-,1,0
R,ST,ST5096,-,100,100,0,-,1,0
R,ST,ST5097,-,100,100,0,-,1,0
R,ST,ST5098,-,100,100,0,-,4,0
R,ST,ST5099,-,100,100,0,-,2,0
R,ST,ST5100,-,100,100,0,-,1,0
R,ST,ST5101,-,100,100,0,-,1,0
R,ST,ST5102,-,100,100,0,-,1,0
R,ST,ST5103,-,100,100,0,-,4,0
R,ST,ST5104,-,100,100,0,-,3,0
R,ST,ST5105,-,100,100,0,-,1,0
R,ST,ST5106,-,100,100,0,-,1,0
R,ST,ST5108,-,100,100,0,-,1,0
R,ST,ST5110,-,100,100,0,-,1,0
R,ST,ST5111,-,100,100,0,-,1,0
R,ST,ST5112,-,100,100,0,-,1,0
R,ST,ST5113,-,100,100,0,-,1,0
R,ST,ST5114,-,100,100,0,-,1,0
R,ST,ST5115,-,100,100,0,-,1,0
R,ST,ST5116,-,100,100,0,-,1,0
R,ST,ST5117,-,100,100,0,-,1,0
R,ST,ST5118,-,100,100,0,-,2,0
R,ST,ST5119,-,100,100,0,-,5,0
R,ST,ST512,100,0,95.0413223140496,100,0,121,95.0413223140496
R,ST,ST5120,-,100,100,0,-,1,0
R,ST,ST5121,-,100,100,0,-,1,0
R,ST,ST5122,-,100,100,0,-,1,0
R,ST,ST5123,-,100,100,0,-,2,0
R,ST,ST5124,-,100,100,0,-,2,0
R,ST,ST5125,100,0,100,100,0,1,100
R,ST,ST5126,-,100,100,0,-,1,0
R,ST,ST5127,-,100,100,0,-,2,0
R,ST,ST513,-,100,100,0,-,4,0
R,ST,ST513-1LV,0,100,50,0,100,2,50
R,ST,ST5133,-,100,100,0,-,1,0
R,ST,ST5134,-,100,100,0,-,1,0
R,ST,ST5135,-,100,100,0,-,1,0
R,ST,ST5136,-,100,100,0,-,1,0
R,ST,ST5137,-,100,100,0,-,1,0
R,ST,ST5138,-,100,100,0,-,3,0
R,ST,ST5139,-,100,100,0,-,2,0
R,ST,ST514,-,100,100,0,-,5,0
R,ST,ST5140,-,100,100,0,-,1,0
R,ST,ST5141,-,100,100,0,-,2,0
R,ST,ST5142,-,100,100,0,-,5,0
R,ST,ST5143,-,100,100,0,-,1,0
R,ST,ST5144,-,100,100,0,-,2,0
R,ST,ST5145,100,0,100,100,0,1,100
R,ST,ST5146,-,100,100,0,-,1,0
R,ST,ST5147,-,100,100,0,-,1,0
R,ST,ST5148,100,0,100,100,0,5,100
R,ST,ST5149,-,100,100,0,-,2,0
R,ST,ST515,100,100,100,0,0,26,7.6923076923076925
R,ST,ST515-1LV,100,0,100,100,0,1,100
R,ST,ST5150,-,100,100,0,-,1,0
R,ST,ST5151,-,100,100,0,-,1,0
R,ST,ST5152,100,0,100,100,0,5,100
R,ST,ST5153,-,100,100,0,-,1,0
R,ST,ST5154,-,100,100,0,-,9,0
R,ST,ST5155,100,0,100,100,0,1,100
R,ST,ST5156,-,100,100,0,-,3,0
R,ST,ST5157,-,100,100,0,-,1,0
R,ST,ST5158,-,100,100,0,-,2,0
R,ST,ST5159,-,100,100,0,-,1,0
R,ST,ST5160,-,100,100,0,-,1,0
R,ST,ST5161,-,100,100,0,-,1,0
R,ST,ST5162,-,100,100,0,-,1,0
R,ST,ST5163,-,100,100,0,-,1,0
R,ST,ST5165,-,100,100,0,-,1,0
R,ST,ST5166,-,100,100,0,-,3,0
R,ST,ST5168,-,100,100,0,-,1,0
R,ST,ST5169,-,100,100,0,-,1,0
R,ST,ST517,-,100,100,0,-,1,0
R,ST,ST5170,-,100,100,0,-,1,0
R,ST,ST5172,-,100,100,0,-,3,0
R,ST,ST5173,-,100,100,0,-,1,0
R,ST,ST5174,0,100,50,0,100,2,50
R,ST,ST5175,-,100,100,0,-,1,0
R,ST,ST5176,-,100,100,0,-,1,0
R,ST,ST5177,-,100,100,0,-,4,0
R,ST,ST5178,-,100,100,0,-,3,0
R,ST,ST5179,-,100,100,0,-,3,0
R,ST,ST5180,-,100,100,0,-,1,0
R,ST,ST5181,-,100,100,0,-,6,0
R,ST,ST5182,-,100,100,0,-,2,0
R,ST,ST5183,-,100,100,0,-,1,0
R,ST,ST5184,-,100,100,0,-,1,0
R,ST,ST5185,-,100,100,0,-,1,0
R,ST,ST5186,100,0,100,100,0,5,100
R,ST,ST5187,-,100,100,0,-,1,0
R,ST,ST5188,-,100,100,0,-,1,0
R,ST,ST5189,100,0,100,100,0,1,100
R,ST,ST520,100,100,100,0,0,3,33.33333333333333
R,ST,ST5217,-,0,0,100,-,1,0
R,ST,ST5221,-,100,100,0,-,1,0
R,ST,ST5239,-,100,100,0,-,1,0
R,ST,ST524,-,100,100,0,-,1,0
R,ST,ST5240,-,100,100,0,-,1,0
R,ST,ST5241,100,0,100,100,0,14,100
R,ST,ST5242,-,100,100,0,-,1,0
R,ST,ST5243,100,0,66.66666666666666,100,0,3,66.66666666666666
R,ST,ST5244,100,0,100,100,0,1,100
R,ST,ST5246,-,100,100,0,-,1,0
R,ST,ST5246-1LV,-,100,100,0,-,1,0
R,ST,ST5247,0,100,0,0,100,1,100
R,ST,ST525,100,0,100,100,0,4,100
R,ST,ST526,-,88.88888888888889,88.88888888888889,11.11111111111111,-,9,0
R,ST,ST527,-,100,100,0,-,1,0
R,ST,ST527-1LV,-,100,100,0,-,1,0
R,ST,ST528,0,100,91.66666666666666,0,100,12,8.333333333333332
R,ST,ST5280,100,0,100,100,0,1,100
R,ST,ST5282,100,0,100,100,0,1,100
R,ST,ST53-2LV,0,100,0,0,100,1,100
R,ST,ST530,100,100,100,0,0,6,33.33333333333333
R,ST,ST5306,100,0,100,100,0,1,100
R,ST,ST5325,100,0,100,100,0,1,100
R,ST,ST533,-,100,100,0,-,1,0
R,ST,ST534,66.66666666666666,100,87.5,0,33.33333333333333,8,37.5
R,ST,ST5340,100,0,100,100,0,1,100
R,ST,ST5354,-,100,100,0,-,1,0
R,ST,ST537,-,100,100,0,-,1,0
R,ST,ST5381,-,100,100,0,-,1,0
R,ST,ST5394,-,100,100,0,-,1,0
R,ST,ST54,100,100,100,0,0,20,15
R,ST,ST540,100,100,100,0,0,4,25
R,ST,ST540-1LV,50,50,50,50,50,4,100
R,ST,ST541-2LV,-,100,100,0,-,1,0
R,ST,ST542,-,100,100,0,-,1,0
R,ST,ST5453,-,100,100,0,-,1,0
R,ST,ST5458,-,100,100,0,-,1,0
R,ST,ST5459,-,100,100,0,-,1,0
R,ST,ST5480,-,100,100,0,-,3,0
R,ST,ST5485,-,100,100,0,-,1,0
R,ST,ST5488,-,100,100,0,-,1,0
R,ST,ST549,-,100,100,0,-,1,0
R,ST,ST55,-,100,100,0,-,1,0
R,ST,ST551,77.77777777777779,100,90.47619047619048,0,22.22222222222222,21,42.857142857142854
R,ST,ST551-1LV,0,100,0,0,100,2,100
R,ST,ST5520-2LV,100,0,100,100,0,1,100
R,ST,ST5528,-,100,100,0,-,1,0
R,ST,ST5529,-,100,100,0,-,1,0
R,ST,ST5551,100,0,66.66666666666666,100,0,6,66.66666666666666
R,ST,ST556,100,100,100,0,0,5,20
R,ST,ST5569,-,100,100,0,-,1,0
R,ST,ST557,-,100,100,0,-,2,0
R,ST,ST558,-,100,100,0,-,1,0
R,ST,ST5583,-,100,100,0,-,1,0
R,ST,ST56-2LV,0,100,0,0,100,1,100
R,ST,ST560,66.66666666666666,100,80,0,33.33333333333333,5,60
R,ST,ST560-1LV,100,0,100,100,0,1,100
R,ST,ST5602,100,0,100,100,0,1,100
R,ST,ST5603,100,0,100,100,0,1,100
R,ST,ST564,-,100,100,0,-,1,0
R,ST,ST5648,-,100,100,0,-,1,0
R,ST,ST5655,-,100,100,0,-,2,0
R,ST,ST5669,-,100,100,0,-,1,0
R,ST,ST567,100,0,100,100,0,1,100
R,ST,ST5670,-,100,100,0,-,1,0
R,ST,ST5671-1LV,-,100,100,0,-,1,0
R,ST,ST5676,-,100,100,0,-,1,0
R,ST,ST5680,-,100,100,0,-,2,0
R,ST,ST5680-1LV,-,100,100,0,-,1,0
R,ST,ST5696,-,100,100,0,-,1,0
R,ST,ST570,100,100,100,0,0,3,33.33333333333333
R,ST,ST571,100,100,100,0,0,4,50
R,ST,ST5710,-,100,100,0,-,1,0
R,ST,ST5714-3LV,-,100,100,0,-,1,0
R,ST,ST5715,-,100,100,0,-,2,0
R,ST,ST5716,-,100,100,0,-,1,0
R,ST,ST5781,-,100,100,0,-,1,0
R,ST,ST5799,-,0,0,100,-,1,0
R,ST,ST580,100,0,100,100,0,2,100
R,ST,ST581,-,100,100,0,-,3,0
R,ST,ST5817,-,100,100,0,-,1,0
R,ST,ST5824,-,100,100,0,-,1,0
R,ST,ST5827,-,100,100,0,-,7,0
R,ST,ST5831,-,100,100,0,-,1,0
R,ST,ST5832,-,100,100,0,-,2,0
R,ST,ST5834,-,100,100,0,-,1,0
R,ST,ST5836,-,100,100,0,-,1,0
R,ST,ST5837,-,100,100,0,-,1,0
R,ST,ST5838,-,100,100,0,-,1,0
R,ST,ST584,100,93.75,95.23809523809523,6.25,0,21,23.809523809523807
R,ST,ST5841,-,100,100,0,-,1,0
R,ST,ST5843,-,100,100,0,-,1,0
R,ST,ST5844,100,0,100,100,0,1,100
R,ST,ST5845,-,100,100,0,-,1,0
R,ST,ST5846,-,100,100,0,-,1,0
R,ST,ST5847,-,100,100,0,-,1,0
R,ST,ST5849,-,100,100,0,-,1,0
R,ST,ST585,100,100,100,0,0,2,50
R,ST,ST5850,-,100,100,0,-,1,0
R,ST,ST5851,-,100,100,0,-,1,0
R,ST,ST5851-1LV,-,100,100,0,-,1,0
R,ST,ST5853,-,100,100,0,-,1,0
R,ST,ST5854,-,100,100,0,-,1,0
R,ST,ST5860,-,100,100,0,-,1,0
R,ST,ST5861,-,100,100,0,-,1,0
R,ST,ST5862,-,100,100,0,-,1,0
R,ST,ST587,-,100,100,0,-,2,0
R,ST,ST588,-,100,100,0,-,1,0
R,ST,ST5886,-,100,100,0,-,1,0
R,ST,ST589,-,100,100,0,-,1,0
R,ST,ST590,-,100,100,0,-,12,0
R,ST,ST592,-,100,100,0,-,8,0
R,ST,ST594,-,100,100,0,-,1,0
R,ST,ST595,-,100,100,0,-,5,0
R,ST,ST595-1LV,-,100,100,0,-,1,0
R,ST,ST596,-,90,90,10,-,10,0
R,ST,ST596-1LV,-,100,100,0,-,1,0
R,ST,ST597,-,100,100,0,-,11,0
R,ST,ST599,-,100,100,0,-,1,0
R,ST,ST6,-,100,100,0,-,7,0
R,ST,ST60,-,100,100,0,-,6,0
R,ST,ST601,-,100,100,0,-,2,0
R,ST,ST603,-,100,100,0,-,7,0
R,ST,ST606,0,100,50,0,100,2,50
R,ST,ST607,100,100,100,0,0,3,33.33333333333333
R,ST,ST6107,-,100,100,0,-,1,0
R,ST,ST611,100,100,100,0,0,15,13.333333333333334
R,ST,ST616,-,100,100,0,-,9,0
R,ST,ST616-3LV,-,100,100,0,-,1,0
R,ST,ST621-3LV,-,100,100,0,-,1,0
R,ST,ST622,-,100,100,0,-,1,0
R,ST,ST626,-,100,100,0,-,3,0
R,ST,ST627,-,100,100,0,-,2,0
R,ST,ST628,80,100,95.65217391304348,0,20,23,21.73913043478261
R,ST,ST629,100,100,100,0,0,13,46.15384615384615
R,ST,ST63-1LV,-,100,100,0,-,1,0
R,ST,ST63-3LV,-,100,100,0,-,1,0
R,ST,ST631,100,100,100,0,0,2,50
R,ST,ST632,-,100,100,0,-,1,0
R,ST,ST634,-,100,100,0,-,1,0
R,ST,ST636,85.71428571428571,100,96.15384615384616,0,14.285714285714285,26,26.923076923076923
R,ST,ST639,-,100,100,0,-,6,0
R,ST,ST641,-,100,100,0,-,28,0
R,ST,ST643,-,100,100,0,-,18,0
R,ST,ST644-2LV,100,0,100,100,0,1,100
R,ST,ST644-3LV,-,100,100,0,-,1,0
R,ST,ST65,100,100,100,0,0,4,25
R,ST,ST656,100,0,100,100,0,157,100
R,ST,ST659,100,0,100,100,0,2,100
R,ST,ST66,-,100,100,0,-,9,0
R,ST,ST66-3LV,-,100,100,0,-,1,0
R,ST,ST661,85.71428571428571,97.10144927536231,96.05263157894737,2.898550724637681,14.285714285714285,76,9.210526315789473
R,ST,ST661-1LV,-,66.66666666666666,66.66666666666666,33.33333333333333,-,3,0
R,ST,ST662,-,100,100,0,-,2,0
R,ST,ST662-2LV,-,100,100,0,-,1,0
R,ST,ST664,-,100,100,0,-,2,0
R,ST,ST668-2LV,-,100,100,0,-,2,0
R,ST,ST676,-,100,100,0,-,2,0
R,ST,ST678,100,100,100,0,0,3,33.33333333333333
R,ST,ST681,0,100,94.73684210526315,0,100,19,5.263157894736842
R,ST,ST685,100,100,100,0,0,17,88.23529411764706
R,ST,ST686,100,0,100,100,0,2,100
R,ST,ST687,100,100,100,0,0,2,50
R,ST,ST690,-,100,100,0,-,2,0
R,ST,ST692,-,100,100,0,-,1,0
R,ST,ST694,-,100,100,0,-,1,0
R,ST,ST695,-,100,100,0,-,4,0
R,ST,ST696-2LV,-,100,100,0,-,1,0
R,ST,ST697,-,100,100,0,-,6,0
R,ST,ST697-2LV,-,100,100,0,-,1,0
R,ST,ST7,100,100,100,0,0,3,66.66666666666666
R,ST,ST70,87.5,77.77777777777779,84.48275862068965,22.22222222222222,12.5,58,68.96551724137932
R,ST,ST700,100,50,83.33333333333334,50,0,6,66.66666666666666
R,ST,ST704,-,100,100,0,-,5,0
R,ST,ST705,-,100,100,0,-,1,0
R,ST,ST705-2LV,-,100,100,0,-,1,0
R,ST,ST709,100,0,100,100,0,2,100
R,ST,ST710-1LV,-,100,100,0,-,1,0
R,ST,ST711,100,0,92.85714285714286,100,0,14,92.85714285714286
R,ST,ST712,-,100,100,0,-,2,0
R,ST,ST712-1LV,-,100,100,0,-,2,0
R,ST,ST716,100,33.33333333333333,84.61538461538461,66.66666666666666,0,13,76.92307692307693
R,ST,ST719,-,88.88888888888889,88.88888888888889,11.11111111111111,-,9,0
R,ST,ST726,100,0,100,100,0,1,100
R,ST,ST727,-,100,100,0,-,5,0
R,ST,ST729-1LV,-,100,100,0,-,1,0
R,ST,ST73,100,0,100,100,0,2,100
R,ST,ST730,100,0,100,100,0,1,100
R,ST,ST732,-,100,100,0,-,3,0
R,ST,ST734,-,100,100,0,-,1,0
R,ST,ST736,-,100,100,0,-,6,0
R,ST,ST738,-,100,100,0,-,4,0
R,ST,ST74-3LV,100,0,100,100,0,1,100
R,ST,ST740,-,100,100,0,-,1,0
R,ST,ST753,100,100,100,0,0,5,20
R,ST,ST76,50,100,79.16666666666666,0,50,24,41.66666666666667
R,ST,ST76-1LV,-,100,100,0,-,1,0
R,ST,ST765-1LV,-,100,100,0,-,1,0
R,ST,ST767,-,100,100,0,-,3,0
R,ST,ST770,-,100,100,0,-,1,0
R,ST,ST774,-,100,100,0,-,5,0
R,ST,ST776,100,100,100,0,0,12,16.666666666666664
R,ST,ST78,100,0,100,100,0,7,100
R,ST,ST784,100,75,83.33333333333334,25,0,6,33.33333333333333
R,ST,ST785,100,100,100,0,0,2,50
R,ST,ST788,100,100,100,0,0,13,15.384615384615385
R,ST,ST789,100,100,100,0,0,3,33.33333333333333
R,ST,ST790,-,100,100,0,-,1,0
R,ST,ST791,100,100,100,0,0,4,25
R,ST,ST792,100,100,100,0,0,14,14.285714285714285
R,ST,ST792-1LV,-,100,100,0,-,1,0
R,ST,ST8,-,100,100,0,-,5,0
R,ST,ST815,-,100,100,0,-,1,0
R,ST,ST824,-,100,100,0,-,1,0
R,ST,ST827,-,100,100,0,-,3,0
R,ST,ST831,100,100,100,0,0,3,33.33333333333333
R,ST,ST831-1LV,-,100,100,0,-,1,0
R,ST,ST833,100,0,100,100,0,2,100
R,ST,ST834,50,50,50,50,50,2,100
R,ST,ST837-2LV,-,100,100,0,-,1,0
R,ST,ST838-2LV,-,100,100,0,-,1,0
R,ST,ST841,100,75,83.33333333333334,25,0,6,33.33333333333333
R,ST,ST846,100,100,100,0,0,5,20
R,ST,ST852,-,100,100,0,-,4,0
R,ST,ST855,100,0,100,100,0,1,100
R,ST,ST857,-,100,100,0,-,12,0
R,ST,ST86,100,100,100,0,0,23,8.695652173913043
R,ST,ST86-1LV,-,100,100,0,-,1,0
R,ST,ST866,-,100,100,0,-,6,0
R,ST,ST867,-,100,100,0,-,2,0
R,ST,ST868,100,0,100,100,0,1,100
R,ST,ST869,100,0,66.66666666666666,100,0,3,66.66666666666666
R,ST,ST87-1LV,100,0,100,100,0,1,100
R,ST,ST870,50,90,83.33333333333334,10,50,12,16.666666666666664
R,ST,ST872,-,100,100,0,-,6,0
R,ST,ST873,75,100,90.9090909090909,0,25,11,36.36363636363637
R,ST,ST874,100,0,100,100,0,12,100
R,ST,ST876,-,100,100,0,-,2,0
R,ST,ST879,-,100,100,0,-,1,0
R,ST,ST881,100,100,100,0,0,7,28.57142857142857
R,ST,ST882,-,100,100,0,-,11,0
R,ST,ST883,0,100,0,0,100,1,100
R,ST,ST883-2LV,0,100,50,0,100,2,50
R,ST,ST884,100,0,100,100,0,4,100
R,ST,ST889,100,100,100,0,0,10,10
R,ST,ST893,-,100,100,0,-,2,0
R,ST,ST895,100,0,100,100,0,2,100
R,ST,ST896,85.71428571428571,100,90.9090909090909,0,14.285714285714285,11,63.63636363636363
R,ST,ST9,-,100,100,0,-,4,0
R,ST,ST901,-,100,100,0,-,1,0
R,ST,ST902,100,0,100,100,0,3,100
R,ST,ST904,-,100,100,0,-,8,0
R,ST,ST906,100,100,100,0,0,7,14.285714285714285
R,ST,ST91 (subsp. ozaenae),-,100,100,0,-,1,0
R,ST,ST918-2LV,-,100,100,0,-,1,0
R,ST,ST919,100,100,100,0,0,15,6.666666666666667
R,ST,ST919-1LV,-,100,100,0,-,1,0
R,ST,ST920,-,100,100,0,-,1,0
R,ST,ST922,-,100,100,0,-,4,0
R,ST,ST925,50,93.33333333333333,88.23529411764706,6.666666666666667,50,17,11.76470588235294
R,ST,ST925-2LV,-,100,100,0,-,1,0
R,ST,ST929-1LV,-,100,100,0,-,2,0
R,ST,ST93 (subsp. ozaenae),-,100,100,0,-,1,0
R,ST,ST933,-,100,100,0,-,1,0
R,ST,ST935-3LV,-,100,100,0,-,1,0
R,ST,ST938,-,100,100,0,-,2,0
R,ST,ST940,-,100,100,0,-,2,0
R,ST,ST941,-,100,100,0,-,3,0
R,ST,ST942,-,100,100,0,-,1,0
R,ST,ST943,-,100,100,0,-,3,0
R,ST,ST950,-,100,100,0,-,5,0
R,ST,ST955-1LV,-,100,100,0,-,2,0
R,ST,ST960,0,100,66.66666666666666,0,100,3,33.33333333333333
R,ST,ST961-3LV,-,100,100,0,-,1,0
R,ST,ST964,-,100,100,0,-,3,0
R,ST,ST966,-,100,100,0,-,12,0
R,ST,ST967,100,100,100,0,0,9,55.55555555555556
R,ST,ST968,-,100,100,0,-,1,0
R,ST,ST969,-,100,100,0,-,2,0
R,ST,ST973-1LV,-,100,100,0,-,1,0
R,ST,ST976,0,100,80,0,100,5,20
R,ST,ST978,50,100,75,0,50,4,50
R,ST,ST981,100,100,100,0,0,2,50
R,ST,ST982-3LV,-,100,100,0,-,1,0
R,ST,ST983,100,0,100,100,0,2,100
R,ST,ST985,93.33333333333333,100,95.65217391304348,0,6.666666666666667,23,65.21739130434783
R,ST,ST985-1LV,100,0,100,100,0,1,100
R,ST,ST987,-,100,100,0,-,1,0
R,ST,ST992,-,100,100,0,-,1,0
R,ST,ST993,-,100,100,0,-,2,0
R,ST,ST993-1LV,-,100,100,0,-,1,0
R,ST,ST995,100,100,100,0,0,9,77.77777777777779
R,ST,ST995-1LV,-,0,0,100,-,1,0
R,ST,ST997,-,100,100,0,-,5,0
R,ST,ST998-2LV,-,100,100,0,-,1,0
R,ST,ST999,-,100,100,0,-,3,0
R,Country,Australia,90.78590785907859,95.38653366583542,93.93680614859095,4.613466334164588,9.214092140921409,1171,31.511528608027326
R,Country,Bangladesh,92.3076923076923,66.66666666666666,84.21052631578947,33.33333333333333,7.6923076923076925,19,68.42105263157895
R,Country,Cambodia,100,83.33333333333334,93.33333333333333,16.666666666666664,0,15,60
R,Country,Canada,91.30434782608695,100,97.5,0,8.695652173913043,80,28.749999999999996
R,Country,Colombia,98.58356940509914,80.48780487804879,96.7005076142132,19.51219512195122,1.41643059490085,394,89.59390862944161
R,Country,Denmark,100,100,100,0,0,44,2.272727272727273
R,Country,Ethiopia,67.44186046511628,96.15384615384616,83.15789473684211,3.8461538461538463,32.55813953488372,95,45.26315789473684
R,Country,France,-,100,100,0,-,1,0
R,Country,"France, Italy",-,100,100,0,-,1,0
R,Country,"France, Italy, Spain",-,100,100,0,-,2,0
R,Country,India,97.36147757255937,74.35897435897436,95.21531100478468,25.64102564102564,2.638522427440633,836,90.66985645933015
R,Country,Ireland,84.61538461538461,100,85.71428571428571,0,15.384615384615385,14,92.85714285714286
R,Country,Italy,97.65166340508806,97.54299754299754,97.56895745675548,2.457002457002457,2.3483365949119372,2139,23.88966806919121
R,Country,Madagascar,100,96.20253164556962,96.35627530364373,3.79746835443038,0,247,4.048582995951417
R,Country,Nigeria,97.54098360655738,76.92307692307693,92.54658385093167,23.076923076923077,2.459016393442623,161,75.77639751552795
R,Country,Norway,93.66515837104072,98.75776397515527,98.3030303030303,1.2422360248447204,6.334841628959276,2475,8.929292929292929
R,Country,Pakistan,91.47727272727273,64.51612903225806,84.45378151260505,35.483870967741936,8.522727272727272,238,73.94957983193278
R,Country,Philippines,95.26315789473684,76.92307692307693,90.58823529411765,23.076923076923077,4.736842105263158,255,74.50980392156863
R,Country,Portugal,84.8,91.66666666666666,86.52694610778443,8.333333333333332,15.2,334,74.8502994011976
R,Country,Rwanda,84.61538461538461,100,90,0,15.384615384615385,20,65
R,Country,South Africa,75,76.92307692307693,76.47058823529412,23.076923076923077,25,17,23.52941176470588
R,Country,Sweden,-,100,100,0,-,1,0
R,Country,Switzerland,90.27777777777779,83.63636363636363,87.4015748031496,16.363636363636363,9.722222222222223,127,56.69291338582677
R,Country,Thailand,94.11764705882352,57.14285714285714,73.68421052631578,42.857142857142854,5.88235294117647,38,44.73684210526316
R,Country,UK,84.40366972477065,85.71428571428571,84.94623655913979,14.285714285714285,15.59633027522936,372,58.602150537634415
R,Country,USA,97.91806581598388,97.25490196078431,97.8211009174312,2.7450980392156863,2.0819341840161183,1744,85.37844036697247
R,Country,Vietnam,99.07407407407408,0.9259259259259258,99.07407407407408,99.07407407407408,0.9259259259259258,1296,100
R,Country,-,66.66666666666666,100,93.54838709677419,0,33.33333333333333,31,19.35483870967742
R,Source,Animal,97.5609756097561,99.34456928838952,99.278629395852107,0.6554307116104869,2.4390243902439024,1109,3.69702434625789
R,Source,Environment,98.9010989010989,99.65277777777779,99.47229551451187,0.3472222222222222,1.098901098901099,379,24.010554089709764
R,Source,Feed,-,100,100,0,-,9,0
R,Source,Food,-,100,100,0,-,77,0
R,Source,Human,95.77674726730706,94.54340473506201,95.25446385944811,5.456595264937993,4.223252732692945,10473,57.65301250835482
R,Source,Marine,100,100,100,0,0,89,1.1235955056179776
R,Source,-,66.66666666666666,100,93.54838709677419,0,33.33333333333333,31,19.35483870967742
R,Inf Status,Colonisation,98.39167455061495,97.89772727272728,98.08306709265176,2.102272727272727,1.608325449385052,2817,37.52218672346468
R,Inf Status,Infection,95.43775798392353,93.60119047619048,94.760663832121793,6.398809523809524,4.562242016076472,7291,63.132629268961736
R,Inf Status,Unknown,93.81044487427465,97.34111543450065,96.45458960660514,2.6588845654993514,6.189555125725339,2059,25.10927634774162
