Determinant,Solo Total,Solo S,Solo R (PPV),Solo R (OR),Solo NWT (PPV),Solo NWT (OR),Solo+Aac6 Total,Solo+Aac6 S,Solo+Aac6 R (PPV),Solo+Aac6 R (OR),Solo+Aac6 NWT (PPV),Solo+Aac6 NWT (OR),Total (% of genomes),Susceptible (% of phenotype with determinant),Resistant (% of phenotype with determinant),PPV for Resistant,"Association with Resistance (OR, p-value)",NWT (% of phenotype with determinant),PPV for NWT,"Association with NWT (OR, p-value)",R Model1a.Estimate,R Model1a.Std. Error,R Model1a.z value,R Model1a.Pr(>|z|),R Model1b.Estimate,R Model1b.Std. Error,R Model1b.z value,R Model1b.Pr(>|z|),NWT Model1a.Estimate,NWT Model1a.Std. Error,NWT Model1a.z value,NWT Model1a.Pr(>|z|),NWT Model1b.Estimate,NWT Model1b.Std. Error,NWT Model1b.z value,NWT Model1b.Pr(>|z|)
GyrA-83,81,2,64 (79.01%),260.77 (p=2.5e-97),79 (97.53%),833.26 (p=3.5e-101),21,2,18 (85.71%),2344.84 (p=2.9e-42),19 (90.48%),2014.83 (p=2.4e-41),n=4704 (38.66%),n=42 (0.78%),n=4640 (75.12%),98.64%,279.53 (p=0.0e+00),n=4662 (68.77%),99.11%,280.31 (p=0.0e+00),NA,NA,NA,NA,NA,NA,NA,NA,NA,NA,NA,NA,NA,NA,NA,NA
GyrA-83F,37,NA,29 (78.38%),208.8 (p=1.3e-43),37 (100%),-,3,1,2 (66.67%),515.62 (p=4.8e-05),2 (66.67%),326.76 (p=1.2e-04),n=1296 (10.65%),n=8 (0.15%),n=1280 (20.72%),98.77%,97.59 (p=0.0e+00),n=1288 (19%),99.38%,157.75 (p=0.0e+00),4.505381538391777,0.3562925732228685,12.645173873926264,1.1896108187086598e-36,4.666902734038505,0.3765794055333275,12.392878276041255,2.8560528741396687e-35,5.379023026696445,0.6484959859465514,8.294612678049452,1.0893957328331808e-16,6.139521603873961,0.8141931224070725,7.540620812078514,4.677393451351513e-14
GyrA-83I,2,NA,2 (100%),-,2 (100%),-,1,1,0,NA,0,NA,n=2998 (24.64%),n=27 (0.5%),n=2967 (48.03%),98.97%,177.67 (p=0.0e+00),n=2971 (43.83%),99.1%,154.91 (p=0.0e+00),7.157159482371043,0.7553199888824199,9.475665397073442,2.650658883921383e-21,7.365353176320726,0.9049243202744579,8.139192428916996,3.9792310423934003e-16,6.873547964462843,0.9690469536635852,7.093101049930206,1.3113962700440872e-12,8.025990685963668,1.0667175157255702,7.524007591179819,5.312225846473958e-14
GyrA-83L,7,NA,7 (100%),-,7 (100%),-,NA,NA,0,NA,0,NA,n=11 (0.09%),0,n=11 (0.18%),100%,-,n=11 (0.16%),100%,-,NA,NA,NA,NA,NA,NA,NA,NA,NA,NA,NA,NA,NA,NA,NA,NA
GyrA-83Y,35,2,26 (74.29%),164.01 (p=4.5e-38),33 (94.29%),321.07 (p=7.1e-41),17,NA,16 (94.12%),5874.91 (p=5.2e-39),17 (100%),-,n=399 (3.28%),n=7 (0.13%),n=382 (6.18%),95.74%,23.16 (p=3.2e-91),n=392 (5.78%),98.25%,47.18 (p=3.3e-90),4.104804705258903,0.3164083634303761,12.973123278905183,1.7380132894578713e-38,4.354976000317792,0.347767959047047,12.52264875766959,5.6130198147240323e-36,4.636432537617367,0.5093463253174676,9.102711273567255,8.810440385186267e-20,4.999787168290698,0.6209034524399409,8.052438988128062,8.116019914107969e-16
GyrA-87,31,6,19 (61.29%),86.97 (p=1.6e-25),25 (80.65%),79.97 (p=2.1e-27),2,NA,2 (100%),-,2 (100%),-,n=2412 (19.82%),n=19 (0.35%),n=2386 (38.63%),98.92%,144.37 (p=0.0e+00),n=2393 (35.3%),99.21%,154.17 (p=0.0e+00),NA,NA,NA,NA,NA,NA,NA,NA,NA,NA,NA,NA,NA,NA,NA,NA
GyrA-87G,8,5,3 (37.5%),30.71 (p=3.8e-04),3 (37.5%),11.11 (p=6.2e-03),1,NA,1 (100%),-,1 (100%),-,n=165 (1.36%),n=6 (0.11%),n=159 (2.57%),96.36%,26.35 (p=2.8e-39),n=159 (2.35%),96.36%,21.54 (p=4.5e-33),3.1765886686204565,0.5986867150324728,5.30592810707042,1.1210113694294135e-7,2.9098327193172775,0.6546410564235178,4.444928546361704,8.792108415640311e-6,2.2005646912406083,0.6156761073070973,3.5742246046637205,3.512673083585654e-4,2.148073009924716,0.6469702337463381,3.3202037711783277,8.995176524094426e-4
GyrA-87H,1,1,0,NA,0,NA,NA,NA,0,NA,0,NA,n=1 (0.01%),n=1 (0.02%),0,-,-,0,-,-,NA,NA,NA,NA,NA,NA,NA,NA,NA,NA,NA,NA,NA,NA,NA,NA
GyrA-87N,16,NA,12 (75%),159.74 (p=3.6e-18),16 (100%),-,NA,NA,0,NA,0,NA,n=1305 (10.73%),n=5 (0.09%),n=1295 (20.96%),99.23%,158.63 (p=0.0e+00),n=1300 (19.18%),99.62%,255.44 (p=0.0e+00),3.5715186159331416,0.417556824634471,8.553371434078814,1.1954443328400722e-17,3.8126038746406943,0.4522170575192306,8.43091566593231,3.4297086274123957e-17,3.689238433912393,0.5320276858831952,6.934297841639679,4.0824373604598356e-12,3.974674658294546,0.5971846853918079,6.655687520999964,2.8197877798121343e-11
GyrA-87Y,6,NA,4 (66.67%),102.84 (p=2.0e-06),6 (100%),-,1,NA,1 (100%),-,1 (100%),-,n=30 (0.25%),0,n=28 (0.45%),93.33%,13.63 (p=9.1e-07),n=30 (0.44%),100%,-,4.504175792475979,0.8607465970454861,5.232870868077282,1.668973392154122e-7,4.5269894534887705,0.8843858059379331,5.118794787403539,3.074943191504316e-7,18.9286483980281,348.1856365755755,0.05436366814034139,0.9566454246527386,22.71440279884095,845.2599140492623,0.026872684272966883,0.9785612804392884
qepA2,1,NA,1 (100%),-,1 (100%),-,1,NA,1 (100%),-,1 (100%),-,n=18 (0.15%),0,n=18 (0.29%),100%,-,n=18 (0.27%),100%,-,NA,NA,NA,NA,NA,NA,NA,NA,NA,NA,NA,NA,NA,NA,NA,NA
qnrA1,19,1,17 (89.47%),150.11 (p=4.7e-20),18 (94.74%),168.1 (p=1.1e-17),1,NA,1 (100%),-,1 (100%),-,n=34 (0.28%),n=1 (0.02%),n=32 (0.52%),94.12%,15.59 (p=7.4e-08),n=33 (0.49%),97.06%,26.35 (p=7.4e-08),5.527855278963553,0.7507354917487683,7.363252889625519,1.7948188800221613e-13,5.543824322793002,0.7511293598239902,7.380651881444321,1.575163709698353e-13,5.109665750515814,1.0282122713682507,4.969465831910699,6.713759970472728e-7,5.1287340470341904,1.0283152298249547,4.987511512308566,6.116197626325246e-7
qnrB1.v1,12,5,5 (41.67%),12.38 (p=2.8e-04),7 (58.33%),12.95 (p=4.4e-05),3,NA,3 (100%),-,3 (100%),-,n=168 (1.38%),n=6 (0.11%),n=160 (2.59%),95.24%,19.88 (p=1.8e-37),n=162 (2.39%),96.43%,21.96 (p=1.4e-33),2.9281306623616814,0.5441004486604971,5.381599426301429,7.382690714729813e-8,2.7774100793340994,0.5907713616454406,4.701328228907953,2.5847464478654877e-6,2.456097202653531,0.5289270200181635,4.64354648126917,3.4247889829594353e-6,2.3402629719707613,0.5541112947525069,4.223452931086772,2.4058763432515158e-5
qnrB1.v2,162,26,77 (47.53%),17.5 (p=5.3e-54),136 (83.95%),54.18 (p=3.8e-112),744,29,699 (93.95%),1289.15 (p=0.0e+00),715 (96.1%),1641.83 (p=0.0e+00),n=1687 (13.87%),n=63 (1.17%),n=1548 (25.06%),91.76%,14.08 (p=0.0e+00),n=1624 (23.96%),96.27%,26.63 (p=0.0e+00),3.4699785562377006,0.13801553956329002,25.14194102502832,1.731216144090789e-139,3.0668643220472718,0.18067062484277807,16.97489187695065,1.2598609195894007e-64,3.652800830256045,0.15735248810275085,23.21412819269037,3.2783906859603153e-119,3.7046628730583055,0.21411636674874163,17.30210039200601,4.535475837819964e-67
qnrB17,24,NA,24 (100%),-,24 (100%),-,1,NA,1 (100%),-,1 (100%),-,n=40 (0.33%),0,n=40 (0.65%),100%,-,n=40 (0.59%),100%,-,18.792014127334554,273.470913852469,0.06871668311121525,0.9452151383916036,20.779206522233903,734.2761308594276,0.0282988996222893,0.9774237582239128,17.675291808417025,280.2104537986946,0.06307863096754804,0.9497038904237642,19.65892156958821,751.2627704680069,0.02616783679742506,0.9791234696107147
qnrB19,12,2,8 (66.67%),34.83 (p=3.2e-08),10 (83.33%),46.37 (p=4.4e-09),7,NA,6 (85.71%),82.01 (p=6.8e-07),7 (100%),-,n=83 (0.68%),n=3 (0.06%),n=77 (1.25%),92.77%,12.59 (p=1.1e-16),n=80 (1.18%),96.39%,21.44 (p=4.3e-17),3.022659852868234,0.6024426019918071,5.017340810352154,5.23915806378571e-7,3.6508980428838194,0.6675573919164035,5.469039946367656,4.524797717310201e-8,3.1135212512569748,0.6726994332557111,4.628398802401609,3.6850386046371366e-6,3.508489181834935,0.7997746854857123,4.386847002670746,1.1500562557463027e-5
qnrB2.v1,12,2,8 (66.67%),34.83 (p=3.2e-08),10 (83.33%),46.37 (p=4.4e-09),3,1,2 (66.67%),27.21 (p=1.3e-02),2 (66.67%),25.58 (p=1.5e-02),n=29 (0.24%),n=3 (0.06%),n=24 (0.39%),82.76%,4.67 (p=5.6e-04),n=26 (0.38%),89.66%,6.91 (p=1.1e-04),3.664174078303752,0.587271783272888,6.23931573535369,4.3948911719755407e-10,3.9668836140976547,0.6300285041316276,6.296355780863021,3.0472452379753473e-10,3.297122855500385,0.6636861481517389,4.96789463616553,6.76837188378012e-7,3.743029042724937,0.7827650848390098,4.781803781519919,1.737292159789125e-6
qnrB2.v2,1,NA,1 (100%),-,1 (100%),-,1,NA,1 (100%),-,1 (100%),-,n=12 (0.1%),0,n=12 (0.19%),100%,-,n=12 (0.18%),100%,-,NA,NA,NA,NA,NA,NA,NA,NA,NA,NA,NA,NA,NA,NA,NA,NA
qnrB4,36,3,25 (69.44%),40.61 (p=6.8e-24),33 (91.67%),104.04 (p=1.9e-30),11,NA,11 (100%),-,11 (100%),-,n=184 (1.51%),n=3 (0.06%),n=173 (2.8%),94.02%,15.66 (p=3.0e-38),n=181 (2.67%),98.37%,49.24 (p=3.7e-42),3.954715647730518,0.3793453006366262,10.425107787268278,1.904432800281931e-25,3.909967227177189,0.3876151479200378,10.087240522353856,6.2913245352485405e-24,4.443565309330948,0.6076801650129096,7.31234219112047,2.6252551429699437e-13,4.401905733470618,0.6110564212782671,7.203763155392892,5.857307266724734e-13
qnrB6,35,NA,35 (100%),-,35 (100%),-,39,1,36 (92.31%),170.15 (p=4.8e-39),38 (97.44%),506.76 (p=9.2e-43),n=409 (3.36%),n=1 (0.02%),n=406 (6.57%),99.27%,140.4 (p=5.2e-117),n=408 (6.02%),99.76%,344.98 (p=2.3e-104),5.76828144245474,0.6041631110912591,9.547556506778248,1.327912600710358e-21,19.96635241639429,429.3343340498666,0.046505370833154064,0.962907453414017,5.854399850667232,1.011934042715384,5.785357151299867,7.235842766425741e-9,18.852712042670525,439.10987999072773,0.04293392816182733,0.9657542029143948
qnrB7,1,NA,1 (100%),-,1 (100%),-,NA,NA,0,NA,0,NA,n=1 (0.01%),0,n=1 (0.02%),100%,-,n=1 (0.01%),100%,-,NA,NA,NA,NA,NA,NA,NA,NA,NA,NA,NA,NA,NA,NA,NA,NA
qnrS1,437,20,333 (76.2%),108.91 (p=0.0e+00),417 (95.42%),294.32 (p=0.0e+00),90,2,84 (93.33%),211.14 (p=1.4e-91),88 (97.78%),623.57 (p=3.4e-99),n=1644 (13.51%),n=31 (0.58%),n=1523 (24.66%),92.64%,15.87 (p=0.0e+00),n=1613 (23.79%),98.11%,53.96 (p=0.0e+00),4.3222224388051265,0.1276727266690218,33.85392128430089,3.1776704111375855e-251,4.380683744792849,0.1321195435538542,33.15697002092054,4.493918699521197e-241,4.78401515145616,0.19105481020313203,25.040014152848237,2.2428186504458374e-138,4.842526498804696,0.1975050017569189,24.518500573290186,9.379310741824943e-133
qnrS1?,1,NA,1 (100%),-,1 (100%),-,NA,NA,0,NA,0,NA,n=1 (0.01%),0,n=1 (0.02%),100%,-,n=1 (0.01%),100%,-,NA,NA,NA,NA,NA,NA,NA,NA,NA,NA,NA,NA,NA,NA,NA,NA
qnrS2,1,NA,1 (100%),-,1 (100%),-,NA,NA,0,NA,0,NA,n=1 (0.01%),0,n=1 (0.02%),100%,-,n=1 (0.01%),100%,-,NA,NA,NA,NA,NA,NA,NA,NA,NA,NA,NA,NA,NA,NA,NA,NA
GyrA-87A,NA,NA,NA,NA,NA,NA,NA,NA,NA,NA,NA,NA,n=910 (7.48%),n=7 (0.13%),n=903 (14.62%),99.23%,146.34 (p=1.2e-266),n=903 (13.32%),99.23%,118.13 (p=1.1e-227),2.880950892659448,0.8579843889422519,3.357812717561409,7.856182222849397e-4,2.672206274214374,1.0079695682423866,2.651078324590637,0.008023523231241062,1.7292600560669704,1.0206227491589646,1.6943185496227204,0.09020476757171411,1.8851052231886831,1.0743189243880285,1.754697958301822,0.07931098545362725
GyrA-87F,NA,NA,NA,NA,NA,NA,NA,NA,NA,NA,NA,NA,n=1 (0.01%),0,n=1 (0.02%),100%,-,n=1 (0.01%),100%,-,NA,NA,NA,NA,NA,NA,NA,NA,NA,NA,NA,NA,NA,NA,NA,NA
ParC-80,NA,NA,NA,NA,NA,NA,NA,NA,NA,NA,NA,NA,n=4134 (33.98%),n=36 (0.67%),n=4093 (66.26%),99.01%,284.97 (p=0.0e+00),n=4098 (60.45%),99.13%,227.24 (p=0.0e+00),NA,NA,NA,NA,NA,NA,NA,NA,NA,NA,NA,NA,NA,NA,NA,NA
ParC-80I,NA,NA,NA,NA,NA,NA,NA,NA,NA,NA,NA,NA,n=4132 (33.96%),n=36 (0.67%),n=4091 (66.23%),99.01%,284.56 (p=0.0e+00),n=4096 (60.42%),99.13%,226.96 (p=0.0e+00),-0.7030069892365555,0.7298848584585352,-0.963175192757466,0.3354596121199705,-0.6114073580648773,0.8773398114284895,-0.6968877396198179,0.48587305111247886,-1.4286838357163052,0.9527908228010988,-1.4994727085176303,0.13375104361154122,-2.2988368245152753,1.0463813085222864,-2.1969398782186995,0.028024740309689843
ParC-80R,NA,NA,NA,NA,NA,NA,NA,NA,NA,NA,NA,NA,n=2 (0.02%),0,n=2 (0.03%),100%,-,n=2 (0.03%),100%,-,NA,NA,NA,NA,NA,NA,NA,NA,NA,NA,NA,NA,NA,NA,NA,NA
ParC-84,NA,NA,NA,NA,NA,NA,NA,NA,NA,NA,NA,NA,n=416 (3.42%),n=1 (0.02%),n=415 (6.72%),99.76%,431.35 (p=1.3e-123),n=415 (6.12%),99.76%,351.29 (p=2.5e-106),NA,NA,NA,NA,NA,NA,NA,NA,NA,NA,NA,NA,NA,NA,NA,NA
ParC-84G,NA,NA,NA,NA,NA,NA,NA,NA,NA,NA,NA,NA,n=1 (0.01%),0,n=1 (0.02%),100%,-,n=1 (0.01%),100%,-,NA,NA,NA,NA,NA,NA,NA,NA,NA,NA,NA,NA,NA,NA,NA,NA
ParC-84K,NA,NA,NA,NA,NA,NA,NA,NA,NA,NA,NA,NA,n=414 (3.4%),n=1 (0.02%),n=413 (6.69%),99.76%,429.12 (p=5.2e-123),n=413 (6.09%),99.76%,349.49 (p=8.8e-106),4.948719404515505e-4,1.1780341838803052,4.200828356453129e-4,0.9996648224010384,-0.3733319909492228,1.229336636170553,-0.30368572770447255,0.7613673324331406,-2.4507689942721615,1.2565690647882553,-1.9503655333780967,0.0511325668594217,-3.6829770311079884,1.343870015726829,-2.7405753443468703,0.006133171839727618
ParC-84V,NA,NA,NA,NA,NA,NA,NA,NA,NA,NA,NA,NA,n=1 (0.01%),0,n=1 (0.02%),100%,-,n=1 (0.01%),100%,-,NA,NA,NA,NA,NA,NA,NA,NA,NA,NA,NA,NA,NA,NA,NA,NA
aac(6')-Ib-cr,NA,NA,NA,NA,NA,NA,NA,NA,NA,NA,NA,NA,n=2924 (24.03%),n=148 (2.75%),n=2723 (44.08%),93.13%,22.71 (p=0.0e+00),n=2776 (40.95%),94.94%,24.55 (p=0.0e+00),2.1720826615160815,0.13505498252806514,16.082950964542988,3.3598590559064686e-58,2.238180648374663,0.19451689904885264,11.506355793861115,1.2254823735769655e-30,1.55209659954377,0.13774521549242746,11.26788029620598,1.8906678578549554e-29,1.8011002722656013,0.1643293780782403,10.960306022749405,5.929850959586006e-28
qnrA3,NA,NA,NA,NA,NA,NA,NA,NA,NA,NA,NA,NA,n=5 (0.04%),0,n=5 (0.08%),100%,-,n=5 (0.07%),100%,-,NA,NA,NA,NA,NA,NA,NA,NA,NA,NA,NA,NA,NA,NA,NA,NA
qnrA6,NA,NA,NA,NA,NA,NA,NA,NA,NA,NA,NA,NA,n=1 (0.01%),0,n=1 (0.02%),100%,-,n=1 (0.01%),100%,-,NA,NA,NA,NA,NA,NA,NA,NA,NA,NA,NA,NA,NA,NA,NA,NA
qnrB5,NA,NA,NA,NA,NA,NA,NA,NA,NA,NA,NA,NA,n=6 (0.05%),n=1 (0.02%),n=5 (0.08%),83.33%,4.85 (p=2.2e-01),n=5 (0.07%),83.33%,3.98 (p=2.4e-01),NA,NA,NA,NA,NA,NA,NA,NA,NA,NA,NA,NA,NA,NA,NA,NA
qnrB9.2,NA,NA,NA,NA,NA,NA,NA,NA,NA,NA,NA,NA,n=4 (0.03%),0,n=4 (0.06%),100%,-,n=4 (0.06%),100%,-,NA,NA,NA,NA,NA,NA,NA,NA,NA,NA,NA,NA,NA,NA,NA,NA
qnrE2,NA,NA,NA,NA,NA,NA,NA,NA,NA,NA,NA,NA,n=2 (0.02%),0,n=2 (0.03%),100%,-,n=2 (0.03%),100%,-,NA,NA,NA,NA,NA,NA,NA,NA,NA,NA,NA,NA,NA,NA,NA,NA
qnrVC1,NA,NA,NA,NA,NA,NA,NA,NA,NA,NA,NA,NA,n=2 (0.02%),0,n=2 (0.03%),100%,-,n=2 (0.03%),100%,-,NA,NA,NA,NA,NA,NA,NA,NA,NA,NA,NA,NA,NA,NA,NA,NA
qnrVC6,NA,NA,NA,NA,NA,NA,NA,NA,NA,NA,NA,NA,n=1 (0.01%),n=1 (0.02%),0,-,-,0,-,-,NA,NA,NA,NA,NA,NA,NA,NA,NA,NA,NA,NA,NA,NA,NA,NA
(Intercept),NA,NA,NA,NA,NA,NA,NA,NA,NA,NA,NA,NA,NA,NA,NA,NA,NA,NA,NA,NA,-3.385437866035834,0.07126413474882536,-47.505493162416265,0,-3.4021363634790305,0.07468992932556587,-45.55013499409621,0,-2.216935819210492,0.04399021669195193,-50.39611045189699,0,-2.2371466206901967,0.04490095042643932,-49.82403711821839,0
qnrS1:aac(6')-Ib-cr,NA,NA,NA,NA,NA,NA,NA,NA,NA,NA,NA,NA,NA,NA,NA,NA,NA,NA,NA,NA,NA,NA,NA,NA,-1.0247693269777125,0.48004994261429534,-2.1347139870425558,0.03278437978120935,NA,NA,NA,NA,-0.9936203621536709,0.7594440821269046,-1.3083522349281207,0.19075386564478228
GyrA-83I:aac(6')-Ib-cr,NA,NA,NA,NA,NA,NA,NA,NA,NA,NA,NA,NA,NA,NA,NA,NA,NA,NA,NA,NA,NA,NA,NA,NA,-4.54715473320784,1.643600013692451,-2.766582316455675,0.005664728158712816,NA,NA,NA,NA,-6.672025406183493,1.894192719738987,-3.5223582778329305,4.277256657846634e-4
qnrB1.v2:aac(6')-Ib-cr,NA,NA,NA,NA,NA,NA,NA,NA,NA,NA,NA,NA,NA,NA,NA,NA,NA,NA,NA,NA,NA,NA,NA,NA,0.6534672729846693,0.2911420158305098,2.2444966286318824,0.024800465596986534,NA,NA,NA,NA,-0.2833591122302593,0.31609580177442975,-0.8964342792267396,0.3700208661228936
GyrA-83F:aac(6')-Ib-cr,NA,NA,NA,NA,NA,NA,NA,NA,NA,NA,NA,NA,NA,NA,NA,NA,NA,NA,NA,NA,NA,NA,NA,NA,-2.087116919636536,1.1231349696523651,-1.8582957311733816,0.0631270297133659,NA,NA,NA,NA,-4.507897830629682,1.4117599774204097,-3.1931049914494563,0.0014075176056293124
GyrA-87A:aac(6')-Ib-cr,NA,NA,NA,NA,NA,NA,NA,NA,NA,NA,NA,NA,NA,NA,NA,NA,NA,NA,NA,NA,NA,NA,NA,NA,-0.07283429800318754,2.036902224804417,-0.03575738546320312,0.971475812793399,NA,NA,NA,NA,-0.06327263597663516,2.24018257105445,-0.028244410430732367,0.9774672169371295
ParC-80I:aac(6')-Ib-cr,NA,NA,NA,NA,NA,NA,NA,NA,NA,NA,NA,NA,NA,NA,NA,NA,NA,NA,NA,NA,NA,NA,NA,NA,1.7851440915799608,1.6242527981676251,1.099055574103885,0.27174382612285525,NA,NA,NA,NA,4.37028840836622,1.8997244973730774,2.3004853674358663,0.021420737344024863
qnrB6:aac(6')-Ib-cr,NA,NA,NA,NA,NA,NA,NA,NA,NA,NA,NA,NA,NA,NA,NA,NA,NA,NA,NA,NA,NA,NA,NA,NA,-16.37371908453259,429.33478680351334,-0.03813741534069095,0.9695781198698147,NA,NA,NA,NA,-14.779116996367728,439.11107026855905,-0.03365689912424404,0.9731507489997239
GyrA-83Y:aac(6')-Ib-cr,NA,NA,NA,NA,NA,NA,NA,NA,NA,NA,NA,NA,NA,NA,NA,NA,NA,NA,NA,NA,NA,NA,NA,NA,-1.663966657632679,0.7055724084417894,-2.3583216091278865,0.018357780785173358,NA,NA,NA,NA,-1.619524440785557,1.2150843065428099,-1.3328494426806243,0.18258121654470505
qnrB4:aac(6')-Ib-cr,NA,NA,NA,NA,NA,NA,NA,NA,NA,NA,NA,NA,NA,NA,NA,NA,NA,NA,NA,NA,NA,NA,NA,NA,12.410625639385087,429.77705593809543,0.028876892025554518,0.9769627754271887,NA,NA,NA,NA,11.268036521493604,437.12522514947983,0.025777593863727206,0.9794347334163216
GyrA-87G:aac(6')-Ib-cr,NA,NA,NA,NA,NA,NA,NA,NA,NA,NA,NA,NA,NA,NA,NA,NA,NA,NA,NA,NA,NA,NA,NA,NA,13.195293398184262,643.0046926101494,0.020521301865808472,0.9836275192220637,NA,NA,NA,NA,12.481267765231273,593.6683812932114,0.02102397257209965,0.9832265325532666
qnrB19:aac(6')-Ib-cr,NA,NA,NA,NA,NA,NA,NA,NA,NA,NA,NA,NA,NA,NA,NA,NA,NA,NA,NA,NA,NA,NA,NA,NA,-2.045052437208935,1.0942202309687912,-1.8689587153751528,0.061628558386120434,NA,NA,NA,NA,-1.5832582580683185,1.3510118849785484,-1.1719054996273832,0.24123499880171725
qnrB1.v1:aac(6')-Ib-cr,NA,NA,NA,NA,NA,NA,NA,NA,NA,NA,NA,NA,NA,NA,NA,NA,NA,NA,NA,NA,NA,NA,NA,NA,13.328421822550911,583.292843416789,0.022850309193708306,0.9817696775517608,NA,NA,NA,NA,13.09753374902683,584.4029232616888,0.02241182107017269,0.9821194508705091
qnrA1:aac(6')-Ib-cr,NA,NA,NA,NA,NA,NA,NA,NA,NA,NA,NA,NA,NA,NA,NA,NA,NA,NA,NA,NA,NA,NA,NA,NA,10.48879861105803,3065.2168570491967,0.0034218781574740912,0.997269741577417,NA,NA,NA,NA,10.142213888716567,3142.730926051786,0.0032271976594121705,0.9974250732824564
GyrA-87N:aac(6')-Ib-cr,NA,NA,NA,NA,NA,NA,NA,NA,NA,NA,NA,NA,NA,NA,NA,NA,NA,NA,NA,NA,NA,NA,NA,NA,-2.677130919638231,1.2318401404398225,-2.173277872470022,0.029759409856582115,NA,NA,NA,NA,-2.930848208435407,1.3757033628450452,-2.130436173663354,0.03313562000274121
ParC-84K:aac(6')-Ib-cr,NA,NA,NA,NA,NA,NA,NA,NA,NA,NA,NA,NA,NA,NA,NA,NA,NA,NA,NA,NA,NA,NA,NA,NA,14.811718869739439,329.46757271843563,0.04495653016024614,0.9641419578039094,NA,NA,NA,NA,18.379172809881155,326.5278631462762,0.05628669061435578,0.9551134213770414
GyrA-87Y:aac(6')-Ib-cr,NA,NA,NA,NA,NA,NA,NA,NA,NA,NA,NA,NA,NA,NA,NA,NA,NA,NA,NA,NA,NA,NA,NA,NA,13.87404560129456,3291.8416245324097,0.0042146759120786385,0.9966371851168575,NA,NA,NA,NA,-5.048832893749696,3390.599408122109,-0.0014890679452297796,0.9988118961155832
qnrB2.v1:aac(6')-Ib-cr,NA,NA,NA,NA,NA,NA,NA,NA,NA,NA,NA,NA,NA,NA,NA,NA,NA,NA,NA,NA,NA,NA,NA,NA,-2.008696055053346,1.3563315804009703,-1.4809771327889585,0.13861266715155185,NA,NA,NA,NA,-2.550043589739514,1.4419401846921314,-1.7684808404753447,0.07698055245048027
qnrB17:aac(6')-Ib-cr,NA,NA,NA,NA,NA,NA,NA,NA,NA,NA,NA,NA,NA,NA,NA,NA,NA,NA,NA,NA,NA,NA,NA,NA,-1.0491822961304589,6563.838498388952,-1.5984279570375982e-4,0.9998724639016955,NA,NA,NA,NA,-0.6568067086350634,6565.760443667526,-1.0003513138657584e-4,0.9999201835132618
